OBJECTID,NEIGH_NO,Neighborhood Subtype,Neighborhood Name,Neighborhood Type,Area Acres,Area Square Miles,ACS Vinatage,Total Population,People of Color,Percent People of Color,Total Households,Percent less than a high school education,Percent bachelor degree or higher,Total Housing Units,Percent 1-unit detached,Percent of Population Speaks a Language Other than English,Percent of Population Speaks English Less than Very Well,Percent of Households with Limited English,Renter Households,Percent of Renter Households,Owner Households,Percent of Owner Households,Percent of Population 18 years and Over with a Disability,Percent of the Civilian Noninstitutionalized Population without Health Insurance,Percent of Workers Taking Public Transit,Per Capita Income,"Percent of Households with Income $100,000 or more","Percent of Family Households with Income $100,000 or more","Percent of Nonfamily Households with Income $100,000 or more",Percent of Population with income to poverty ratio below 2.0,People per Acre,Households per Acre,Housing Units per Acre,Children under 5,Children under 18,Older Adults 65 and over,Median Age,Male,Female,Not Hispanic or Latino White alone,Not Hispanic or Latino Black or African American alone,Not Hispanic or Latino American Indian and Alaska Native alone,Not Hispanic or Latino Asian alone,Not Hispanic or Latino Native Hawaiian and Other Pacific Islander alone,Not Hispanic or Latino Some Other Race alone,Not Hispanic or Latino Two or more races,Hispanic or Latino (of any race),Family Households (families),Nonfamily Households,Householder Living Alone,Less than a high school education,Bachelor degree or higher,Workers 16 years and over,Worked from home,Car truck or van - drove alone,Public Transportation (excluding taxicab),No Vehicles Available,Travel Time <15 Minutes,Travel Time 15-29 Minutes,Travel Time 30-44 Minutes,Travel Time 45-59 Minutes,Travel Time 60-89 Minutes,Travel Time 90+ Minutes,1-unit detached,Low Density Housing (1-unit att - 4 units),Medium Density Housing (5-49 units),High Density Housing (50+ units),Overcrowded Units (>1 occupants/room),No bedroom,1 bedroom,2 bedrooms,3 bedrooms,4 bedrooms,5 or more bedrooms,Population 18 years and Over,Population 18 years and Over with a Disability,Population Civilian Noninstitutionalized,Population without Health Insurance,Population 5 years and Over,Population Speaks a Language Other than English,Population Speaks English Less than Very Well,Households with Limited English,Spanish Limited English Speaking Households,Other Indo-European Languages Limited English Speaking Households,Asian and Pacific Island Languages Limited English Speaking Households,Other Languages Limited English Speaking Households,Gross Rent 30% or more of Household Income,Owner housing units with a mortgage where selected monthly onwer costs as a percentage of household income can be computed,Monthly Costs 30% or more of Household Income (owners with a mortgage),Population 25 years and Over,Household Population,Family Household Population,Owner Household Population,Renter Household Population,"Household Income $100,000 or more","Family Household Income $100,000 or more","Nonfamily Household Income $100,000 or more","Management, business, science, and arts occupations",Service occupations,Sales and office occupations,"Natural resources, construction, and maintenance occupations","Production, transportation, and material moving occupations",Households with People under 18 years,Households with People 65 years and over,Working Age Adults to 64 Years,Group Quarters Population,Population 16 years and over,Population 16 years and over not in labor force,Population 16 years and over in civilian labor force,Population 16 years and over in civilian labor force unemployed,Population for whom poverty status is determined,People with Income to Poverty Ratio Under .50,People with Income to Poverty .50 to .99,People with Income to Poverty 1.00 to 1.24,People with Income to Poverty 1.25 to 1.49,People with Income to Poverty 1.50 to 1.84,People with Income to Poverty 1.85 to 1.99,People with Income to Poverty 2.00 and over,Families for whom poverty status is determined,Families with income in the past 12 months below poverty level,Married-couple family with related children of the householder under 18 years below poverty,Married-couple family without related children of the householder under 18 years below poverty,Single parents with related children of the householder under 18 years below poverty,Other family below poverty,Population 20 to 64 years for whom poverty status is determined,Population 20 to 64 years below poverty,Population 20 to 64 years below poverty employed,Population 20 to 64 years employed,"Earnings $50,000 or More Male Workers","Earnings $50,000 or More Female Workers",Population 16 years and over with earnings,Males 16 years and over with earnings,Females 16 years and over with earnings,Percent of Primary School Students (grades 1-8) Enrolled in Private School,Percent of Secondary School Students (grades 9-12) Enrolled in Private School,Percent of Households with 1 or more Persons with a Disability,Primary School Enrollment (grades 1-8)  in Public School,Primary School Enrollment (grades 1-8)  in Private School,Secondary School Enrollment (grades 9-12) in Public School,Secondary School Enrollment (grades 9-12) in Private School,Households with 1 or Persons with a Disability,Shape__Area,Shape__Length
1,1,Council District,Council District 1,CD,13722.0245368146,21.4406633387729,5Y24,109866,41345,37.6,49642,4.2,59.1,53043,50.8,19.1,6.5,2.7,21387,43.1,28255,56.9,12.9,3.9,9,75952,59.3,72.1,43.9,17.7,8.00654449387129,3.6176877447505,3.86553746917531,6475,19112,15300,39.7,55477,54389,68521,8444,357,10642,279,720,8713,12190,25520,24122,18051,3591,50335,62855,21572,28569,5632,5032,7849,12848,11910,5394,2711,571,26959,7772,10528,7676,1024,3709,8643,13938,15125,6325,1902,89626,11561,108738,4277,103391,19767,6708,1356,236,130,795,195,9918,21410,5259,85164,107170,75499,67577,39593,29440,18402,10582,38102,7899,10478,2525,4732,11292,10927,75454,2696,92598,25044,67081,3345,108753,5205,3505,3579,2358,2974,1676,89456,25520,804,146,181,302,175,73722,6129,2034,59698,26109,20619,69880,37099,32781,20.4,15.1,18.8,6198,1586,3190,568,9357,597731388.823334,246798.997380131
2,2,Council District,Council District 2,CD,8154.26811673076,12.7410439323918,5Y24,111335,71380,64.1,45494,12.3,50.6,48975,49.1,37.5,19.3,13.5,22939,50.4,22555,49.6,13.7,6.3,14.1,61064,49.5,61.3,33.6,24.9,13.6535858775069,5.57916410752503,6.00605711008129,5517,19649,17153,38.5,57273,54062,39955,17928,419,32733,374,853,8885,10188,24843,20651,15509,10180,41801,60345,17198,24855,8538,8862,6595,16495,12519,4493,2180,865,24046,6596,8146,10097,2738,4853,8756,10933,11594,6636,2722,89840,12325,110574,6971,105818,39706,20428,6134,805,135,4194,1000,11473,15569,4366,82619,108597,80440,60677,47920,22530,15236,6943,32177,11747,9767,2497,5586,11632,12010,74533,2738,93493,28751,64661,2887,109283,7391,7981,4110,2670,3481,1601,82049,24843,2479,610,838,787,244,71415,7810,3192,56853,21794,15721,67605,35875,31730,17.9,6.1,22.6,7305,1590,3647,237,10302,355199919.164261,148955.447218523
3,3,Council District,Council District 3,CD,4966.434090268,7.76005326604375,5Y24,110906,40701,36.7,62115,2.1,73.9,66186,23.4,18.9,3.9,3.2,41048,66.1,21067,33.9,12.6,3.8,15.3,103876,55.4,75,45.9,17.8,22.3311128234494,12.5069615082012,13.3266643223344,2885,10743,13364,36.5,58411,52495,70205,7334,414,14251,357,511,9111,8723,19526,42589,30946,1892,65829,72960,24759,22155,11171,15800,10091,21590,11515,3009,1553,443,15490,8199,23473,18934,1538,10815,20850,14695,8119,5282,2354,98928,12436,110060,4157,108021,20408,4215,1958,410,256,965,327,17319,14436,3608,89043,109052,52020,47179,61873,34392,14646,19529,53251,7371,9631,1336,2448,6809,9802,86799,1854,101680,23377,78141,4104,109672,6607,4528,1740,2438,2799,1439,90121,19526,1153,132,512,391,118,85225,7827,3098,70728,31045,23921,81130,44596,36534,36,43.1,17.7,2982,1676,1424,1077,10971,216337868.972046,99186.8003112691
4,6,Council District,Council District 6,CD,7558.28586841618,11.8098216694003,5Y24,105495,27880,26.4,50707,1.2,79,53602,48.7,13.1,2.4,2,22974,45.3,27733,54.7,8.8,2.4,9.4,99285,66.8,84.6,51.7,10.1,13.9575297675406,6.70879626449291,7.09181961798862,5475,17005,13773,38.3,51786,53709,77615,1497,112,10384,116,574,8173,7024,23039,27668,19164,999,65192,65796,26510,24587,6164,4772,7523,14786,11700,3617,1206,454,26106,8128,11902,7188,1080,4180,10376,13341,13967,6765,2078,88184,7744,105189,2534,100020,13116,2360,1011,263,107,599,42,8186,20512,4935,82501,105102,66241,65223,39879,33890,19500,14304,49963,5184,7837,1447,2665,10812,10341,74717,393,90478,20741,69680,2584,104992,3124,2843,1112,1220,1475,847,94371,23039,596,125,131,232,108,73823,4384,1729,63269,29489,24194,72262,37453,34809,22.3,21.9,14.6,5321,1530,2779,778,7400,329238932.426178,139466.460418479
5,4,Council District,Council District 4,CD,6338.84244715242,9.90444132367565,5Y24,106188,39388,37.1,44017,1.2,80.6,48376,42.1,22.7,4.8,3.6,24689,56.1,19328,43.9,9.3,3.5,14,76852,55.6,82.7,34.3,21.8,16.7519544593986,6.94401231249621,7.63167729807385,3895,14551,10912,33.6,51703,54485,66800,2546,545,20219,198,596,7824,7460,19118,24899,17893,794,52335,60151,20247,20097,8422,7833,8505,18089,8757,2496,1496,561,20360,5030,13009,9708,941,7191,8434,9059,9024,7710,2599,81189,7513,106042,3706,102293,23205,4960,1582,106,197,1252,27,12661,13054,3036,64966,95019,56798,50291,44728,24474,15806,8531,42332,7042,8802,1297,2143,8582,7583,80725,11169,93658,28685,64953,3337,95430,8491,4557,2006,1960,2502,1284,74630,19118,672,77,79,356,160,68637,11002,4445,54818,22582,16808,71498,35334,36164,30.6,21.8,14.3,4178,1840,2725,759,6285,276119976.999268,107115.088015464
6,5,Council District,Council District 5,CD,8749.95120006082,13.671798750095,5Y24,107175,41821,39,48829,4.6,61.8,52334,46.2,23.9,7.2,4.7,24771,50.7,24058,49.3,13.7,5.1,11.6,71889,53.5,69.8,36,17.1,12.2486397408999,5.58048826599863,5.98106192862381,5697,16417,17227,39.1,54350,52825,65354,6490,192,15117,339,738,8517,10428,23806,25023,17727,3873,52079,62301,19548,28819,7235,6270,6650,17880,11785,3781,2318,339,24195,5208,12574,10251,1549,3696,10265,13974,12405,5679,2810,90099,12321,106513,5478,101478,24218,7314,2288,576,251,886,575,12186,16978,4650,84296,105319,69867,58531,46788,26135,16619,9020,39584,8034,9117,2830,4325,9922,12367,73531,1856,92111,25115,66919,3029,106387,5328,4598,1749,2280,2840,1418,88174,23806,1458,116,302,637,403,72133,6219,2089,59715,25031,19510,69635,37465,32170,24.6,20.2,21.1,4941,1614,2192,554,10302,381147874.275299,97827.0029884916
7,7,Council District,Council District 7,CD,4015.26610864629,6.27385329475983,5Y24,104454,49031,46.9,63091,2.2,76,71831,11.4,30.1,5.8,5,46827,74.2,16264,25.8,9.9,4.1,10.1,114665,64,83.4,56.5,14.9,26.0142160379043,15.7127817416989,17.8894743352931,2083,6571,10593,34.7,55808,48646,55423,4198,346,28803,85,764,6791,8044,17240,45851,35437,1900,66346,74353,29523,19243,7504,20396,12776,18883,8939,2230,1495,507,8164,4367,18674,40550,2340,15300,23863,15563,4873,2705,787,94640,9414,102672,4258,102371,30843,5914,3125,436,462,2086,141,14934,11580,2847,87343,99686,41820,32354,67332,40367,14378,25917,56534,5552,9584,1109,2460,4164,7540,87290,4768,98258,19450,78624,3385,101226,5359,3101,1434,2158,1776,1230,86168,17240,625,40,282,169,134,84201,6803,2224,72562,36347,24974,81034,44534,36500,27.4,35.4,12.6,2121,802,656,359,7960,174904991.693451,99616.6981049442
8,0,Outside Centers,Outside Centers,CNTR,36893.2323128383,57.6456754888098,5Y24,401930,138650,34.5,170020,3.2,70,179922,62.8,18.4,5.7,2.8,60200,35.4,109820,64.6,10.2,3.4,8.7,90398,66.3,79.5,47.3,12.9,10.8944100259856,4.6084332909165,4.876829399884,22305,72659,62037,40.1,200092,201838,263280,18867,964,54572,560,2370,31186,30131,97104,72916,50497,9745,213207,229145,81684,98219,19920,12080,27293,58880,39494,13126,6803,1865,112942,22669,32113,11626,3032,6867,24805,42053,52466,32046,11783,325217,33226,399337,13630,379625,70007,21520,4829,853,334,3198,444,23927,77130,19420,304398,395846,290128,276146,119700,112752,77186,34522,156776,24946,32403,7174,12590,43429,43184,267234,6084,337052,92866,243831,9942,397364,14803,10617,6516,6253,8484,4760,345931,97104,3015,518,856,1104,537,260705,16636,6414,216216,96426,77495,255303,132505,122798,27,23.6,16.7,22211,8203,11434,3530,28357,1607069224.15489,1039959.74506066
9,100,Urban Center,Pinehurst-Haller Lake,CNTR,205.126779159155,0.32051059243618,5Y24,3241,1682,51.9,1600,14.6,48.5,1600,37.4,40.3,18.5,11.1,785,49.1,815,50.9,27.3,10.3,11.7,52546,38.6,64.9,21.9,29.2,15.7999848351606,7.80005422285005,7.80005422285005,122,519,403,41.1,1598,1643,1559,292,12,455,0,0,111,812,619,981,744,372,1236,1898,356,1075,223,142,136,705,550,47,104,0,598,106,682,202,50,97,308,617,443,64,71,2722,744,3241,334,3119,1256,576,177,117,34,0,26,458,420,183,2551,3237,1947,1576,1661,617,402,215,833,382,272,110,313,318,369,2319,4,2813,721,2092,182,3205,292,155,19,319,63,89,2268,619,65,0,0,44,21,2246,270,99,1775,820,387,2019,1116,903,0,0,39.9,241,0,99,0,638,8935322.49990845,17910.0417535664
10,101,Urban Center,Aurora-Licton Springs,CNTR,326.925675927488,0.5108213686367,5Y24,8698,4007,46.1,4213,1.1,59.6,4477,27.4,30.5,6.9,4,2699,64.1,1514,35.9,8.8,3.5,16.9,81587,58.2,71.5,51.3,19.7,26.605435548382,12.8867210813214,13.6942440733624,354,684,490,33.4,4667,4031,4691,714,0,1446,105,70,615,1057,1293,2920,1728,79,4334,6378,1427,3043,1078,732,706,1943,1826,225,251,0,1225,1191,2012,49,47,459,826,1475,985,379,89,8014,702,8698,305,8344,2542,578,169,26,0,38,105,1234,1252,305,7268,8525,3667,3383,5142,2450,925,1499,3949,809,845,325,530,413,357,7524,173,8032,1345,6687,229,8698,691,325,106,178,270,147,6981,1293,100,0,0,27,73,7324,755,258,6246,2485,2077,6847,3855,2992,35.9,52.7,13.1,109,61,61,68,554,14240882.4436035,20402.7996528096
11,107,Urban Center,Eastlake,CNTR,199.246388999634,0.311322482811928,5Y24,5935,1460,24.6,3632,0.8,82.3,3965,14.8,14.2,2.5,0.8,2446,67.3,1186,32.7,10,1.2,14.8,107162,53.5,75.1,46.3,17.6,29.7872399585164,18.2286866940744,19.8999842351335,45,168,789,36.7,2745,3190,4475,119,0,454,0,58,417,412,910,2722,1845,43,4257,4416,1594,1550,653,422,402,1427,698,96,143,56,587,656,2194,480,88,716,1158,1194,500,44,20,5767,576,5935,73,5890,837,145,30,0,12,18,0,801,787,214,5173,5935,2065,2342,3593,1943,683,1260,3361,249,687,0,245,112,539,4978,0,5767,941,4826,284,5935,268,489,51,108,106,21,4892,910,72,20,19,33,0,4961,617,326,4285,1571,1803,4755,2272,2483,0,0,14.8,81,0,20,0,538,8679172.7048645,20594.5327293864
12,204,Urban Center,Rainier Beach,CNTR,346.080207018056,0.540750323465712,5Y24,6677,5448,81.6,2449,21.3,25.9,2605,35,48.2,22.3,13.6,1579,64.5,870,35.5,12.5,7.9,19.5,38200,36.6,41.9,29,40.3,19.2932154587264,7.07639428761735,7.52715684738391,438,1972,700,35.1,2933,3744,1229,2530,0,1632,0,76,234,976,1439,1010,957,870,1060,3189,432,1342,622,474,249,624,1353,324,189,18,912,523,717,453,264,159,569,883,507,300,31,4690,588,6662,526,6239,3006,1390,333,99,0,63,171,916,633,135,4086,6559,5483,2177,4382,896,603,293,981,1010,610,183,546,884,489,4005,118,4868,1262,3591,261,6675,759,880,444,390,117,99,3986,1439,269,92,0,177,0,3885,700,207,2887,1027,511,3558,1834,1724,15,18.6,20.7,873,154,294,67,507,15075253.8177338,23111.8102854283
13,301,Regional Center,Northgate,CNTR,412.018061009293,0.64377822032702,5Y24,9968,4716,47.3,5295,7,56.7,5643,11.7,33.2,9.4,6,4242,80.1,1053,19.9,17.3,7.7,17.9,56064,39.3,48.9,32.2,24.6,24.1931141940284,12.851378376543,13.6960015446331,546,1113,1655,34.8,4887,5081,5252,829,17,1999,0,37,856,978,2108,3187,2264,566,4568,5663,1689,2140,1013,1247,519,1608,1121,422,293,11,659,412,1736,2836,273,899,1919,1892,280,176,129,8837,1532,9950,763,9422,3125,888,317,121,0,111,85,2212,734,245,8055,9822,5627,2540,7282,2082,1031,1026,3690,903,656,261,365,879,1288,7200,146,8909,2666,6243,368,9950,857,618,288,266,181,234,7506,2108,329,11,69,151,98,7074,1075,353,5613,1991,1704,6470,3480,2990,31.1,36.3,24.2,242,109,86,49,1283,17947506.7376451,28338.0761428736
14,305,Urban Center,Mt Baker,CNTR,491.257682008123,0.767590128137691,5Y24,7680,5250,68.4,3355,15.6,51.3,3477,42.8,37.2,19.3,20.7,1961,58.5,1394,41.5,16.6,8.2,12.6,69114,41.8,60.8,21.5,21.4,15.6333433171087,6.82940974334632,7.07775191583164,248,1416,1339,40.4,3982,3698,2430,1474,0,2207,17,78,776,698,1705,1650,1313,939,3096,4138,1137,1535,521,801,586,1176,795,204,109,131,1488,807,586,596,70,220,733,979,933,403,87,6118,1014,7534,616,7432,2761,1431,693,79,0,430,184,1109,985,263,6031,7414,5206,3628,3786,1403,1036,354,2542,718,407,130,392,857,854,4925,266,6397,2074,4323,134,7534,417,526,349,114,149,55,5924,1705,171,0,44,55,72,4787,567,358,3947,1618,1029,4398,2353,2045,31,0,26.4,474,213,327,0,885,21399184.6282501,34899.6468331104
15,413,Regional Center,Downtown,CNTR,952.080916850457,1.48762643257884,5Y24,43363,24811,57.2,27990,6.8,67.8,33150,1.5,40,11.6,10.6,23194,82.9,4796,17.1,14,5,11.1,109865,56.3,73.4,51.1,25.4,45.5454985312042,29.3987617067178,34.8184691167451,347,1036,5396,36.9,24505,18858,18552,2793,154,15725,196,449,2645,2849,6440,21550,17773,2616,26232,29504,11579,4807,3261,14039,6239,6829,3169,1033,421,234,505,229,4277,28139,1482,9755,10813,6774,341,174,133,40692,5716,41997,2104,43016,17198,5001,2971,217,372,2273,109,8588,3305,745,38715,39930,14097,7956,31974,15763,4730,11015,22116,2595,3494,512,999,753,3939,36931,3433,42390,10861,31212,1496,41786,3343,3178,1209,1431,819,652,31154,6440,460,0,365,75,20,35324,4630,1397,28646,14609,8941,32618,19077,13541,11.9,12.5,15.6,457,62,225,32,4380,41472644.7386885,49081.9022793664
16,125,Urban Center,Othello,CNTR,353.441739237088,0.55225271755795,5Y24,12488,9755,78.1,4423,19.6,35.4,4966,43.7,54.5,34.8,20.7,2634,59.6,1789,40.4,19.9,6.5,22.8,45938,39.7,46.3,23.3,34.5,35.3325558745711,12.5140850923469,14.0504061877899,414,2578,1704,34.8,6318,6170,2733,3585,0,4515,27,97,687,844,2704,1719,1249,1696,3068,6189,1308,2498,1412,918,567,1548,1560,637,385,184,2168,1060,479,1259,580,647,579,858,1242,649,448,9895,1974,12473,814,12074,6585,4205,914,59,46,630,179,1477,1057,208,8672,12401,10106,5495,6906,1756,1253,401,2323,1844,1011,374,757,1367,1285,8206,87,10243,3652,6576,267,12438,863,1802,568,305,624,124,8152,2704,391,182,98,93,18,7885,1134,337,5907,1677,1200,7018,3516,3502,11.8,0.2,37.1,1173,157,545,1,1641,15395922.1612396,21630.3502225159
17,102,Urban Center,Greenwood,CNTR,172.134486282816,0.2689601348169,5Y24,4589,1538,33.5,2426,1.8,71.7,2638,45.5,21.9,6.8,7.2,1375,56.7,1051,43.3,7.5,1.7,8.1,95247,60.9,80.8,48.1,9.9,26.6593876630874,14.093631394781,15.3252265537644,300,599,334,33.7,2239,2350,3051,186,0,477,0,60,297,518,868,1558,998,62,2533,3340,1209,1379,271,269,348,897,638,194,54,0,1201,245,669,523,79,405,527,522,598,329,45,3958,298,4557,78,4289,939,291,174,131,18,25,0,425,829,156,3532,4575,2296,2279,2296,1477,701,749,2337,345,456,79,138,453,224,3656,14,4046,549,3465,110,4474,59,103,92,35,116,39,4030,868,0,0,0,0,0,3626,100,62,3211,1326,1316,3560,1716,1844,32.9,14.3,11,114,56,102,17,267,7498178.22241211,15122.1139967222
18,103,Urban Center,Crown Hill,CNTR,270.92398936457,0.423318733382141,5Y24,4521,1077,23.8,1931,3,78.8,2054,56,9.6,0.8,0.7,624,32.3,1307,67.7,13.4,7.5,6.9,81011,68.7,82.3,55.1,7.3,16.6873373251429,7.12746037930787,7.58146225743054,201,867,392,35.4,2386,2135,3444,36,0,283,0,96,402,260,964,967,499,99,2632,2735,1146,1137,188,128,230,593,518,187,41,20,1150,410,436,58,0,83,229,591,738,154,136,3654,489,4521,339,4320,414,33,14,14,0,0,0,187,1064,249,3338,4521,3019,3311,1210,1326,793,533,2057,210,362,45,115,565,324,3262,0,3680,831,2849,60,4521,89,136,25,42,36,0,4193,964,34,9,0,25,0,3132,159,7,2568,1301,1011,3036,1619,1417,23.2,31.5,23.6,327,99,50,23,456,11801448.9766846,18666.0919020653
19,203,Urban Center,Wallingford,CNTR,257.868388310368,0.402919356734949,5Y24,7638,2456,32.2,3916,1.4,81.5,4100,30.5,19.3,1.8,0.4,2663,68,1253,32,7.6,4.7,11.1,92108,56.8,86.3,42,13.5,29.6197608789759,15.1860413199882,15.8995836087721,290,1217,605,33.3,3478,4160,5182,84,0,819,20,19,630,884,1282,2634,1954,83,4801,4886,1748,2031,541,433,479,1449,931,212,27,40,1251,680,1628,541,45,590,1233,860,571,420,242,6421,491,7638,361,7348,1417,134,14,0,14,0,0,1280,936,153,5891,7618,4094,3516,4102,2226,1106,1106,3625,398,686,67,176,705,532,5816,20,6486,1297,5189,237,7638,278,282,79,46,242,105,6606,1282,27,0,11,16,0,5681,475,242,4827,2097,1682,5374,2534,2840,6.4,12.8,10.4,559,38,231,34,408,11232746.9946594,18916.6197974947
20,303,Regional Center,Ballard,CNTR,495.107921941197,0.773606128033121,5Y24,17386,5666,32.6,10078,2.1,79.3,10948,14.9,15,2.7,2.6,7127,70.7,2951,29.3,9.6,1.8,13.9,95843,59.4,82.8,50.6,11.2,35.115576280488,20.355158044102,22.1123506912908,687,1786,1304,33.6,8794,8592,11720,170,21,2400,0,127,1319,1629,2753,7325,5150,293,11083,12622,5340,4049,1760,1689,1030,2136,2528,1184,256,148,1632,1584,3054,4612,565,1696,3448,2936,1671,248,79,15600,1502,17386,306,16699,2511,448,267,21,45,186,15,2845,2489,675,13974,17355,7558,5667,11688,5983,2279,3704,9891,845,1452,200,364,1138,1143,14296,31,15715,2333,13382,630,17372,756,561,136,135,174,179,15431,2753,116,25,0,91,0,14223,1120,475,12521,5840,4676,13757,7167,6590,20.1,4.2,14.5,603,152,276,12,1459,21566901.0800171,26437.3281676117
21,401,Regional Center,University District,CNTR,753.430328330254,1.17723488801602,5Y24,29976,17111,57.1,10590,1.8,67,12784,5.4,38.1,8.8,7.1,9993,94.4,597,5.6,12.2,5.8,23.1,27713,19.9,42.4,15.5,58.8,39.7860278155149,14.0557123887878,16.9677268345857,270,944,890,22.7,14245,15731,12865,1410,433,9824,139,167,2540,2598,1652,8938,6320,161,6165,14400,3039,3385,3330,4775,3077,5007,1751,889,345,292,692,972,6384,4619,570,4041,2512,2409,882,570,176,18980,2312,29976,1730,29706,11332,2605,747,93,74,553,27,6393,276,158,9199,19535,4729,1077,18458,2112,701,1386,7574,3199,3206,379,706,540,680,28142,10441,29347,13034,16313,1249,19729,5718,2242,1040,1080,1198,313,8138,1652,351,9,36,195,111,17323,7043,2778,11443,2940,1737,20850,9685,11165,26.7,0,18.5,99,36,112,0,1963,32819425.1027527,34579.3107675033
22,202,Urban Center,Roosevelt,CNTR,170.13741604786,0.265839712574781,5Y24,5085,2218,43.6,2908,0,86.5,3241,21.8,24.8,6.7,10.7,2273,78.2,635,21.8,8.7,4.2,22.7,101701,57.7,86.8,44.6,17.5,29.8876056667605,17.0920663282083,19.0493077612528,61,520,320,31.6,2522,2563,2867,151,0,1250,0,18,308,491,862,2046,1897,0,3205,3806,1243,1139,864,750,412,1110,810,163,49,19,707,132,558,1844,33,816,1174,268,170,364,116,4565,398,5085,214,5024,1248,336,311,0,0,311,0,1089,441,93,3705,5085,2639,1916,3169,1677,748,912,2948,451,263,24,133,335,247,4245,0,4715,794,3921,102,5085,139,246,56,207,162,81,4194,862,0,0,0,0,0,4202,385,154,3730,1508,1278,4213,2189,2024,45.1,35.7,11.9,118,97,146,81,345,7411185.84307861,12691.9037231746
23,113,Urban Center,Admiral,CNTR,187.486086359594,0.292947009936866,5Y24,3967,927,23.4,2126,3.2,62.1,2273,36.4,9.1,2.4,0.6,1084,51,1042,49,19.6,0.3,10.7,77328,49.2,77,23,16.9,21.1589034526614,11.3395081271384,12.1235663090243,300,614,768,41.1,2048,1919,3040,152,0,137,4,0,406,228,1008,1118,996,103,1978,2103,869,852,226,179,262,415,319,175,63,0,828,301,670,474,33,360,461,544,466,250,45,3293,644,3907,12,3667,332,88,12,12,0,0,0,516,758,207,3183,3890,2649,2367,1523,1045,776,257,1450,200,331,75,83,409,545,2585,77,3400,1077,2323,184,3907,99,35,189,73,115,150,3246,1008,34,0,27,7,0,2572,98,39,1998,1072,703,2463,1304,1159,16.7,37.7,23,175,35,43,26,489,8166893.92196655,15409.2290151795
24,131,Urban Center,Madison-Miller,CNTR,145.318238559091,0.22705974774858,5Y24,7022,2602,37.1,3969,0.6,74.5,4238,15.2,18.5,1.2,0.8,2862,72.1,1107,27.9,10.5,4.5,20.6,89925,57,83.5,47.3,16.8,48.3215325868722,27.3124697860005,29.1635794792316,188,571,509,33.8,3664,3358,4420,654,0,1009,0,15,243,681,963,3006,1974,33,4278,5085,1827,1040,1045,975,691,1449,750,226,86,56,645,933,1332,1328,34,651,1408,916,552,331,111,6396,673,6961,314,6834,1266,82,33,0,0,18,15,1181,869,199,5743,6924,2668,2707,4217,2263,804,1423,3846,435,607,125,133,356,358,5942,98,6582,1259,5323,177,6961,329,276,143,279,74,68,5792,963,15,0,0,15,0,5922,448,135,5023,2135,1732,5519,2868,2651,11.8,0,14,127,17,208,0,554,6330062.47158813,12187.7570039137
25,414,Regional Center,First Hill/Capitol Hill,CNTR,917.78359679595,1.43403686999367,5Y24,51281,22710,44.3,34046,2.1,72,36942,3.7,24.3,5.2,4.2,28764,84.5,5282,15.5,14,5.1,19.5,89421,47.8,71.5,42.6,22.9,55.8748273329636,37.095890707632,40.2513186430518,476,1855,4084,32.6,28880,22401,28571,2837,295,9710,271,327,4275,4995,5960,28086,21733,877,29921,37374,12319,8177,7280,13437,5644,10368,6584,1318,896,245,1361,2067,16643,16848,1314,8972,15632,7270,1264,337,571,47640,6685,50955,2603,50805,12344,2657,1422,214,189,731,288,12525,3867,886,41535,48979,13914,9004,39975,16274,4260,11953,26663,4462,4861,493,1425,1148,3178,45342,2302,49559,9080,40479,2575,49422,4418,2058,1117,1145,1489,1081,38114,5960,519,100,249,116,54,43133,4845,1744,36601,16584,10531,41595,24370,17225,10.2,8.7,17.4,889,101,294,28,5924,39978653.4764872,31021.303451188
26,106,Urban Center,Queen Anne,CNTR,208.109282667197,0.325170754167495,5Y24,7440,2423,32.6,4405,4,74.8,4813,23.8,15.7,3.8,2.3,2816,63.9,1589,36.1,12,5.9,16,114104,52.8,78.2,39.3,13.2,35.7504475756512,21.1667636519817,23.1272720674206,131,562,1041,41.6,3683,3757,5017,259,1,820,6,26,735,576,1525,2880,2384,256,4776,4916,1732,1601,785,715,676,1364,829,210,87,18,1144,484,2493,692,45,625,1693,965,619,344,159,6851,822,7413,436,7309,1151,281,103,79,24,0,0,1051,1135,400,6389,7259,3760,3240,4019,2326,1193,1133,3235,539,1028,108,86,334,765,5837,181,6894,1713,5154,158,7440,332,225,42,130,201,49,6461,1525,38,0,38,0,0,5676,490,83,4715,2360,1773,5462,2827,2635,48.2,62.8,16,142,132,29,49,706,9065240.35269165,20077.5835589695
27,116,Urban Center,Central District South,CNTR,467.181790422693,0.729971547535457,5Y24,14155,7808,55.2,7012,6,60.8,7295,23.9,23.7,10,8.1,4366,62.3,2646,37.7,19.2,5.5,15.1,70942,45.5,45.9,44.4,28.2,30.2986980447011,15.0091466400172,15.6149065514726,679,1805,2354,36.5,7482,6673,6347,2572,39,2148,47,62,1486,1454,2850,4162,2537,691,6958,8122,2694,3133,1227,1659,804,2511,1391,516,172,34,1745,2058,1584,1908,403,958,1810,1987,1534,590,133,12204,2341,14007,774,13476,3191,1342,571,110,27,284,150,2182,2034,437,11437,13840,7478,5886,7954,3189,1308,1848,5716,1166,1269,129,179,1290,1744,9996,315,12602,3649,8909,450,13979,1407,872,479,366,621,194,10040,2850,408,27,162,219,0,9944,1117,355,7966,3431,2433,9298,5113,4185,21.3,6.3,29.9,502,136,325,22,2095,20350438.7906723,21196.261316722
28,201,Urban Center,Lake City,CNTR,142.250490431431,0.22226639129911,5Y24,5354,2836,53,3008,5.7,43.5,3363,11.1,34.7,13.1,6.6,2463,81.9,545,18.1,15.9,10.2,26.9,48703,33.4,55.8,25.8,24,37.6378315727551,21.1457970434904,23.6413947663757,342,647,719,34.7,2894,2460,2518,723,0,762,0,43,406,902,760,2248,1777,241,1825,3295,710,1527,887,885,440,1316,377,361,53,38,373,310,1102,1578,166,442,1271,913,209,131,42,4707,748,5354,547,5012,1740,656,199,62,38,99,0,1476,385,94,4194,5354,2534,1284,4070,1005,424,581,1543,410,756,282,346,326,663,3988,0,4733,1191,3542,205,5336,111,621,217,99,192,42,4054,760,70,32,38,0,0,3963,489,157,3231,919,646,3611,2065,1546,26.4,0,23.2,78,28,15,0,698,6196431.36303711,11175.1037032136
29,312,Regional Center,South Lake Union,CNTR,339.894411226186,0.531085017540916,5Y24,13131,9138,69.6,8972,1,82.9,10151,0.3,49.2,7.4,6.7,8757,97.6,215,2.4,7.8,4.2,8.7,122709,71.9,89.7,68.9,14.3,38.6325857863601,26.3964328440502,29.8651571332984,162,240,837,29,7700,5431,3993,720,203,6680,6,0,728,801,1274,7698,5623,114,9177,10416,4102,1673,901,4167,2344,2944,827,135,42,22,30,190,1337,8571,525,2936,4059,1896,66,0,15,12678,991,12918,549,12969,6381,966,601,66,30,453,52,2214,98,80,11064,12670,2741,320,12350,6451,1143,5306,8916,395,1008,58,68,229,483,12054,461,12909,1976,10903,458,12939,934,188,122,299,279,32,11085,1274,52,0,0,52,0,12033,1012,260,10396,5927,3068,11110,6778,4332,0,100,8.6,5,0,0,18,773,14805800.5526123,22651.4779068187
30,114,Urban Center,Bitter Lake,CNTR,362.496197575446,0.566400308711635,5Y24,6970,3400,48.8,3753,6.7,42.9,4054,20.8,28,11.5,9.5,2434,64.9,1319,35.1,17.6,5.9,10.3,48683,25.7,42.1,15.3,30.7,19.2277878957595,10.3532120477454,11.183565585281,312,1084,1489,41.4,3203,3767,3570,708,34,799,76,12,551,1220,1397,2356,2051,370,2355,3535,842,1993,364,875,346,1031,854,206,249,7,842,470,706,1942,216,545,1127,1304,624,106,47,5881,1036,6965,408,6658,1864,763,357,100,36,128,93,1632,909,328,5494,6909,4067,2913,3996,963,588,360,1803,744,710,151,311,638,1344,4397,61,5975,1987,3988,269,6938,474,568,225,139,628,97,4807,1397,159,10,31,75,43,4350,463,146,3404,1079,1207,4119,1918,2201,12.5,23.4,24.8,442,63,147,45,931,15790334.3663635,25042.9689903633
31,115,Urban Center,Central District,CNTR,231.970560775473,0.362454001211677,5Y24,6235,1888,30.3,2957,2,70.4,3040,38.2,13.9,2.7,3.5,1689,57.1,1268,42.9,14.8,3.4,14.3,83519,51.6,68,42,21.9,26.8784106877895,12.7473072018915,13.105111225482,237,655,919,34.5,3073,3162,4347,366,17,703,17,0,457,328,1053,1904,1252,93,3342,3719,1159,1280,531,424,518,1348,427,210,57,0,1162,697,765,416,31,422,594,763,772,290,116,5450,805,6105,209,5998,835,163,104,34,49,21,0,671,1004,353,4745,6018,2904,2795,3223,1527,716,800,2696,266,515,174,73,472,627,4661,217,5696,1624,4035,311,6142,459,432,184,103,109,61,4794,1053,73,0,7,53,13,4542,647,274,3535,1384,1419,4276,2209,2067,20.3,50.2,21.4,165,42,117,118,632,10104637.6273804,14873.4716942612
32,124,Urban Center,Graham,CNTR,299.654570917696,0.4682102670589,5Y24,4304,3037,70.6,1732,6.1,49.8,1803,72.3,30,14.4,11.6,744,43,988,57,11.2,3.8,5.1,66172,51.1,60.8,29.1,25.7,14.3632048956201,5.77998858717799,6.01692807314198,467,965,584,37.5,2408,1896,1267,1306,68,967,16,0,393,287,1165,567,497,197,1596,2116,936,825,108,159,231,354,401,150,8,36,1304,133,198,168,98,20,430,523,425,294,40,3339,375,4304,165,3837,1152,552,201,0,0,142,59,373,696,145,3208,4292,3625,2498,1794,885,708,165,1126,479,471,48,112,631,453,2755,12,3364,1070,2294,58,4304,295,331,0,224,50,208,3196,1165,104,22,23,59,0,2694,222,58,2083,945,605,2353,1272,1081,6.8,0,20.6,342,25,31,0,356,13052953.1092682,17548.7650105351
33,127,Urban Center,Westwood-Highland Park,CNTR,275.515968388518,0.430493700607059,5Y24,6383,3572,56,2748,11.8,45.2,2831,37.1,39.8,15.4,4,1241,45.2,1507,54.8,14.7,12,14.8,51640,48.4,43.3,46.7,19.4,23.1674412097924,9.97401354292801,10.2752664992828,284,1081,614,35.4,3329,3054,2811,499,0,612,7,35,434,1985,1495,1253,855,554,2129,4165,949,2020,618,297,607,1448,541,415,148,57,1050,784,748,249,82,95,341,1249,896,141,26,5302,777,6383,766,6099,2429,937,109,31,0,49,29,502,1303,447,4711,6371,4704,3358,3013,1331,648,585,1728,963,866,158,503,679,486,4688,12,5474,1043,4431,213,6383,144,211,444,88,239,112,5145,1495,35,0,10,2,23,4449,227,154,3957,1119,1092,4387,2370,2017,0,12.7,25.7,471,0,322,47,706,12001475.5829315,18344.5049339418
34,207,Urban Center,Green Lake,CNTR,108.722998014128,0.169879684397075,5Y24,3711,1458,39.3,2402,0.9,82.3,2643,3.9,16.3,2.6,1,1880,78.3,522,21.7,11.1,2.1,18.9,88983,51,78.4,43.9,24.4,34.1326128582085,22.0928418446286,24.3094841779157,80,164,481,30.9,1920,1791,2253,35,0,429,0,55,423,516,490,1912,1414,29,2670,2660,807,839,502,442,201,1058,400,108,86,0,102,455,980,1106,93,565,971,643,177,46,0,3492,388,3656,78,3631,593,96,24,0,0,24,0,786,429,60,3246,3656,1107,913,2743,1224,384,840,2115,228,180,88,67,155,368,3066,55,3588,701,2887,209,3656,284,235,45,193,65,69,2765,490,44,0,0,17,27,3064,478,178,2589,1000,909,2957,1602,1355,0,0,15.8,0,0,66,0,379,4735973.79330444,11310.28992389
35,110,Urban Center,North Beacon Hill,CNTR,266.861270666251,0.416970735416018,5Y24,7204,3936,54.6,3437,9.2,59.9,3755,44.8,26.4,11,10.9,1737,50.5,1700,49.5,12.7,6.9,13.3,72208,58.7,59.5,57,18.1,26.9952997751017,12.8793511003643,14.0709814902147,169,782,1045,38.4,3986,3218,3268,292,28,1642,94,34,1173,673,1569,1868,1209,554,3617,4681,1794,1741,624,535,622,1009,792,293,142,29,1684,770,963,320,182,403,529,989,893,496,127,6422,815,7204,494,7035,1857,772,375,164,0,211,0,727,1125,237,6040,7144,4138,4017,3127,2018,933,1064,3115,749,456,102,313,545,732,5377,60,6473,1589,4884,149,7204,317,345,205,132,196,110,5899,1569,163,40,103,20,0,5335,357,185,4501,1933,1282,5106,2944,2162,38.6,0,20.3,293,184,112,0,697,11624476.950119,19119.2682202744
36,502,Manufacturing Industrial ,Greater Duwamish,CNTR,4896.85686423164,7.65133885036193,5Y24,1945,778,40,847,9.8,48.8,947,48.2,27.1,9.7,4,455,53.7,392,46.3,18.2,6.1,6.7,55440,47.7,44.9,32.8,19.1,0.397193557811943,0.17296809432736,0.1933893569398,96,361,139,35.5,1119,826,1167,100,28,360,0,7,117,166,441,406,321,128,635,1232,135,894,82,94,190,473,379,5,44,6,456,345,139,7,39,112,189,221,230,86,9,1512,275,1873,115,1849,501,180,34,8,0,26,0,220,280,48,1302,1945,1451,1108,837,404,198,133,574,170,150,145,126,194,116,1445,0,1690,359,1259,94,1945,99,78,49,82,64,0,1573,441,13,0,6,0,7,1398,127,62,1091,501,320,1345,771,574,0,13.4,29.3,28,0,142,22,248,213307085.005417,240032.27626876
37,111,Urban Center,Columbia City,CNTR,334.73139001156,0.523017796893062,5Y24,9139,5002,54.7,3919,12.9,64.7,4379,21.6,40.1,18.5,14.9,2586,66,1333,34,11.2,2.3,16.5,63051,52,61.9,36.9,31.5,27.3024887199387,11.7078950972141,13.0821313168412,576,1972,586,33.7,4387,4752,4137,2198,28,1576,0,29,436,735,2104,1815,1370,831,4176,4889,2228,1494,808,703,403,1123,632,253,207,43,945,1441,1160,812,288,209,1185,1012,1062,388,63,7167,803,9139,212,8563,3438,1585,582,60,0,273,249,1378,1140,144,6458,9057,6732,3513,5544,2037,1303,670,3107,711,801,173,269,1210,525,6581,82,7317,2024,5293,232,9119,1060,941,539,180,125,28,6246,2104,380,94,110,74,102,6346,1090,386,4899,1948,1678,5445,2783,2662,15.3,2.2,17.6,866,156,353,8,688,14580899.3487549,25179.6499110116
38,205,Urban Center,West Seattle Junction,CNTR,367.266391543833,0.57385373678724,5Y24,10636,3555,33.4,6518,2,62.3,7118,17.4,14,3.2,3.9,4438,68.1,2080,31.9,9.8,3.8,10.9,82852,52.2,75.9,40.2,14.3,28.959905520597,17.7473358577709,19.3810274065071,366,1102,1308,39.1,5586,5050,7081,938,0,790,25,95,768,939,2014,4504,3697,180,5698,7274,2543,3184,796,792,1151,1379,1165,621,376,39,1239,365,2563,2951,196,1211,2296,1966,809,223,13,9442,921,10544,399,10270,1435,325,253,0,49,204,0,1755,1456,521,9147,10594,5205,3940,6654,3404,1529,1809,4447,507,1638,312,475,810,969,8226,42,9597,1873,7657,278,10597,409,397,289,111,237,71,9083,2014,50,35,13,0,2,8165,680,363,7116,3271,2454,7851,4454,3397,26.5,0,13.1,352,127,176,0,853,15998124.0156708,21581.2129131827
39,206,Urban Center,Morgan Junction,CNTR,180.299206966466,0.281717510885102,5Y24,4895,1100,22.5,2369,1,63.4,2433,52.2,5.8,0.8,0.6,892,37.7,1477,62.3,11.1,5.4,9.2,82223,66.9,80.7,54.9,13.1,27.1493151986544,13.1392702156511,13.4942357259093,299,766,733,40.4,2592,2303,3795,107,0,149,83,5,344,412,1105,1264,813,40,2568,3074,1176,1263,282,247,355,690,531,167,155,0,1269,438,619,88,0,109,378,630,891,281,80,4129,460,4895,265,4596,268,38,14,0,14,0,0,470,1179,225,4048,4884,3133,3492,1392,1586,892,694,1759,367,608,169,177,497,523,3396,11,4172,911,3261,181,4895,53,349,49,102,87,0,4255,1105,0,0,0,0,0,3368,373,184,2867,1334,1024,3375,1855,1520,11.8,0,17.5,262,35,70,0,414,7853833.45545959,16371.2209833896
40,302,Urban Center,Fremont,CNTR,214.513586759748,0.335177479312107,5Y24,7226,2518,34.8,4620,1.6,86.8,5029,16.3,14.8,1.4,1.6,3396,73.5,1224,26.5,4,3,12,104602,58,82.3,51.2,14.7,33.6855119955316,21.537097345607,23.4437364829128,168,376,452,31.9,3775,3451,4708,202,0,1129,0,37,665,485,1012,3608,2643,100,5283,5734,2787,1526,690,792,609,1215,791,190,133,9,820,817,2087,1301,43,888,1586,1033,897,177,39,6850,272,7226,218,7058,1045,100,72,8,26,11,27,1367,1009,297,6083,7177,2354,2233,4944,2681,833,1848,4406,462,528,95,368,249,335,6398,49,6893,803,6090,231,7203,381,233,78,161,82,121,6147,1012,80,20,0,60,0,6382,425,196,5797,2643,2031,6118,3240,2878,13.8,0,4.4,125,20,59,0,203,9344211.83947754,16300.66626635
41,412,Regional Center,Uptown,CNTR,333.350498267834,0.520860153543491,5Y24,12192,5873,48.2,8357,1.8,72,9694,2.5,30.6,5.8,4.9,6741,80.7,1616,19.3,14.8,4.1,10.2,104323,58.6,80,53.2,13.2,36.5741166230512,25.0697090402591,29.0805025052377,67,205,1173,32.3,6080,6112,6319,421,32,3191,32,252,824,1121,1696,6661,5431,187,7685,9450,4051,2605,963,2396,1266,2310,1197,310,279,37,244,436,4025,4989,171,2380,3622,1944,263,148,0,11773,1748,11978,486,12125,3715,701,409,54,107,248,0,2233,1237,357,10674,11656,3699,2449,9207,4899,1357,3542,6949,472,1130,281,755,182,811,10814,536,11987,1786,10201,614,11958,464,425,198,187,199,104,10381,1696,131,0,10,0,121,10723,717,247,9498,4372,3183,10190,5241,4949,67.7,0,17.2,30,63,76,0,1434,14520747.7046814,22059.335730401
42,501,Manufacturing Industrial ,Ballard-Interbay-Northend,CNTR,925.796576591315,1.44655715092393,5Y24,3054,1140,37.3,1872,1,67.1,1976,18.2,17.9,1.1,1,1495,79.9,377,20.1,6.1,4.6,11.1,117092,66.9,81.3,61.6,17,3.29878083071392,2.02204247383643,2.13437816682734,0,163,129,33.2,1608,1446,1914,108,11,478,0,0,127,416,508,1364,962,27,1773,2612,766,1329,290,293,356,834,196,208,206,46,360,130,667,819,73,391,772,424,131,123,31,2848,173,3011,138,3054,548,34,19,0,0,19,0,477,288,34,2643,2968,1161,786,2182,1253,413,840,1746,200,493,12,121,111,91,2762,86,2911,222,2646,74,3011,104,133,138,82,54,0,2500,508,19,0,0,19,0,2719,203,138,2554,1204,810,2688,1454,1234,34.3,63.6,6.2,71,37,20,35,116,40327698.8761902,109677.356166699
43,1.4,Coummunity Reporting Area,Alki/Admiral,CRA,896.066891013915,1.40010451720924,5Y24,12455,3351,26.9,5868,1.9,67.9,6348,40.9,16,4.3,0.7,2636,44.9,3232,55.1,12.8,2.8,9.3,92203,64,81.8,43,9.5,13.8996319637555,6.54861825478259,7.08429254965233,834,1985,2391,44.2,6149,6306,9104,889,51,937,4,59,706,705,3166,2702,2006,190,6856,6994,3048,2520,652,374,855,968,1208,600,223,92,2597,1290,2248,205,150,270,1200,1921,1368,850,259,10303,1315,12288,343,11621,1865,502,44,0,13,31,0,1089,2035,429,10093,12244,8720,7447,4797,3753,2591,1162,4768,676,1083,231,388,1358,1587,8079,211,10677,3329,7348,202,12288,303,220,285,173,143,49,11115,3166,101,0,66,0,35,8019,443,114,6713,2886,2809,7713,3798,3915,37.4,20.4,17.8,406,243,288,74,1042,39032673.7719574,50365.1253536792
44,7.2,Coummunity Reporting Area,University District,CRA,955.925021592125,1.49363284623769,5Y24,23956,13029,54.4,7161,1.2,70.7,8328,11.2,37.3,8.7,7.4,6235,87.1,926,12.9,12.1,4.9,21.1,29767,25.5,60.5,17.4,53.7,25.0605428866173,7.49117330151388,8.71198034562318,237,958,681,23.2,11386,12570,10927,1012,195,7332,98,131,1877,2384,1261,5900,4131,84,4756,11484,2682,2693,2419,2989,2661,3727,1180,640,359,235,932,678,3805,2855,240,2482,1605,1362,843,616,253,13726,1662,23956,1179,23719,8846,2065,528,55,43,430,0,3868,465,64,6728,14256,4009,2213,12043,1828,763,1028,6072,2656,2469,202,683,549,460,22317,9700,23372,10031,13341,1259,14488,4078,1587,548,469,834,271,6701,1261,188,0,10,144,34,12338,4887,2144,8731,2384,1312,17012,7899,9113,37.7,5.4,19.3,124,75,212,12,1381,41640093.9413452,44323.2810559486
45,8.2,Coummunity Reporting Area,Olympic Hills/Victory Heights,CRA,1394.05272723608,2.17820738630638,5Y24,16663,7730,46.4,7575,6,56.8,7985,50.8,32.4,9.8,5.1,3379,44.6,4196,55.4,15,6.3,11.8,67271,50,75,27.7,18.3,11.9529194803391,5.43379733922874,5.72790386188006,778,2544,2415,39.9,8497,8166,8933,1299,12,2657,42,210,1016,2494,3572,4003,2905,778,7332,9656,3197,4373,1136,825,988,3165,1519,386,304,97,4054,655,2299,965,165,228,1568,2422,1984,839,534,14106,2122,16650,1055,15885,5140,1555,385,155,56,116,58,1869,2728,648,12908,16510,11118,9871,6639,3788,2679,1109,5671,1376,1490,535,898,1479,1868,11704,153,14395,3867,10528,558,16587,793,623,448,423,508,247,13545,3572,142,0,38,54,50,11461,905,313,9461,3658,2729,10810,5897,4913,26,12.3,23.6,805,283,307,43,1787,60724936.7980652,39872.3489543766
46,9.4,Coummunity Reporting Area,Green Lake,CRA,1326.10682249358,2.07204191014621,5Y24,17660,5294,30,9075,1,82.9,9816,42.5,17.1,4.3,5.6,5184,57.1,3891,42.9,7.7,2.5,13,98723,63.5,86.9,48.8,16.3,13.3171775459179,6.843340103579,7.40211861782165,969,2484,2540,36.4,8705,8955,12366,313,22,2349,0,55,1250,1305,3516,5559,4107,136,11782,10974,4563,3703,1429,1085,1057,3147,1631,349,196,31,4169,1132,1962,2553,136,1267,2446,1851,1730,1347,434,15111,1158,17595,436,16691,2852,719,508,0,17,491,0,1990,2572,421,14206,17600,9774,9592,8008,5767,3054,2713,8683,888,905,283,388,1653,1874,12636,60,15485,3629,11846,699,17546,757,791,333,428,407,142,14688,3516,90,7,11,39,33,12550,1180,363,10585,4614,4149,12204,6391,5813,18.4,21.6,12.1,641,145,415,114,1102,57765213.1874695,33315.0862165966
47,11.2,Coummunity Reporting Area,Wallingford,CRA,809.601204154123,1.26500188149082,5Y24,18713,6774,36.2,8898,1.7,80.5,9751,32.5,22.1,3.3,2,6004,67.5,2894,32.5,8.2,4,14.8,80148,51.2,78,37.2,21.7,23.1138490209528,10.9905963014182,12.0442014537119,636,2340,1483,32.5,9164,9549,11939,346,25,3300,42,136,1425,1500,3013,5885,4085,226,10584,12561,4422,4212,1864,1628,1169,3999,2123,531,200,117,3169,1512,3309,1697,301,1742,1977,2188,1498,1001,492,16365,1337,18713,746,18077,3998,600,175,19,31,125,0,3228,2050,450,13145,18611,9022,7684,10927,4554,2349,2191,8537,1528,1945,428,321,1358,1173,14890,102,16572,3264,13308,549,18705,1361,990,345,534,561,265,14649,3013,127,15,29,26,57,14548,2159,1143,12178,4816,3247,13712,6966,6746,19.8,9.1,12.6,786,194,462,46,1119,35266228.4530945,30318.5453608658
48,13.2,Coummunity Reporting Area,Downtown Commercial Core,CRA,206.15191838841,0.32211237248189,5Y24,6534,3160,48.4,4116,7.4,64.9,4699,1.3,32.4,8.2,4.5,3265,79.3,851,20.7,17,2.8,17,120827,57.7,86.8,48.8,23.4,31.6950725032271,19.9658583445489,22.7938698641971,89,201,1069,43.6,3501,3033,3374,519,76,1859,61,18,209,418,963,3153,2584,430,3750,3979,1501,577,677,2088,662,1039,578,119,62,18,60,0,620,4019,261,1492,1476,1072,39,37,0,6206,1055,6407,179,6445,2085,526,186,0,54,116,16,1206,415,113,5777,5798,2048,1382,4416,2376,836,1540,2993,341,581,47,89,141,737,5264,736,6363,2111,4210,159,6399,672,512,83,65,110,55,4902,963,48,0,48,0,0,5194,849,84,3818,2109,1341,4424,2517,1907,0,100,16.6,82,0,0,30,684,8979977.56500244,19104.7670457017
49,3.2,Coummunity Reporting Area,Georgetown,CRA,1186.34349657232,1.85366171339424,5Y24,1295,515,39.8,766,7,50,844,47.6,14.8,4.3,2.1,336,43.9,430,56.1,17.2,10.1,9.6,79898,47.7,74.8,37.4,25.7,1.09158941212357,0.645681459217497,0.711429701801001,35,73,223,39.1,745,550,780,36,26,181,0,7,126,139,210,556,405,82,584,919,249,443,88,115,163,252,191,11,47,6,402,234,201,7,8,145,78,294,177,60,12,1222,210,1295,131,1260,186,54,16,0,0,16,0,164,270,77,1169,1295,564,764,531,365,157,208,537,146,144,49,43,73,161,999,0,1222,272,950,31,1295,101,130,49,5,42,6,962,210,7,0,0,0,7,983,200,99,843,336,300,965,534,431,0,0,21.1,10,0,5,0,162,51677122.7107849,44978.7538438156
50,5.3,Coummunity Reporting Area,Central Area/Squire Park,CRA,849.453570919864,1.32727120456229,5Y24,21891,8508,38.9,10828,2.3,69.6,11600,33.6,16.2,3.5,3.8,6294,58.1,4534,41.9,11.2,6.1,14.8,90228,58.5,75.8,48.9,18.8,25.7706845311092,12.7470180486433,13.655837584435,891,2536,2035,34.3,11022,10869,13383,2439,29,2389,17,40,1722,1872,3666,7162,4556,393,11966,14698,4768,5308,2170,1740,1779,4736,2173,873,353,16,3896,2485,2705,2514,200,1079,3062,2729,2425,1157,376,19149,2143,21679,1322,21000,3405,741,411,97,49,146,119,2537,3351,778,17204,21554,10394,10305,11249,6336,2778,3501,10883,1513,1479,530,438,1608,1564,17320,337,19601,4046,15504,661,21626,1368,1050,549,388,597,119,17555,3666,211,0,41,138,32,17104,1614,636,14350,6062,5049,16177,8500,7677,31.5,35.1,17,728,334,305,165,1844,37002197.549408,28532.0235990339
51,6.4,Coummunity Reporting Area,Miller Park,CRA,364.594611860741,0.569679081032407,5Y24,8282,1923,23.2,3843,0.6,84.2,3989,44.2,12.1,1.7,0.7,1801,46.9,2042,53.1,9.7,1.2,13.7,104939,67.2,88.6,46.6,11.5,22.7156401399683,10.540473926334,10.9409186812767,379,1170,1151,38.6,4104,4178,6359,370,0,739,0,6,482,326,1805,2038,1459,38,5420,4923,1736,1312,676,760,690,1421,636,262,100,78,1763,731,1341,154,57,382,799,924,720,683,335,7057,685,8225,99,7903,958,135,26,0,26,0,0,636,1195,236,6435,8162,5323,5363,2799,2584,1599,949,3716,340,733,4,177,682,820,5961,120,7307,2147,5160,190,8225,265,207,65,151,97,161,7279,1805,0,0,0,0,0,5844,302,88,4581,2056,1831,5524,2758,2766,50.8,27.1,13.1,180,186,255,95,505,15881741.2924805,18076.674915391
52,9.5,Coummunity Reporting Area,Haller Lake,CRA,1248.53822408242,1.95084097512878,5Y24,11019,4853,44,4466,5,58,4928,59.5,26,9.5,6.6,1865,41.8,2601,58.2,13.4,4.4,11.6,66297,57,64.3,40.3,12.3,8.82552074695042,3.57698299808336,3.94701572202302,684,1910,1293,36.6,5688,5331,6166,770,52,1906,75,51,1008,991,2645,1821,1168,413,4804,6847,2103,3265,793,479,876,1960,1130,526,242,10,2934,652,937,319,175,91,614,1394,1633,470,264,9099,1218,11009,485,10335,2687,986,293,76,0,131,86,730,1894,567,8286,10894,8070,6800,4094,2544,1702,734,4036,1033,886,428,606,1107,967,7816,125,9245,1957,7288,299,10990,527,152,153,96,285,138,9639,2645,126,10,0,81,35,7758,396,167,6548,2759,1977,7525,4087,3438,23.6,20.7,23.1,584,180,219,57,1033,54386325.0409241,35908.6321275557
53,11.1,Coummunity Reporting Area,Fremont,CRA,884.210848410094,1.38157945064077,5Y24,18742,5654,30.2,10572,1.5,83.8,11218,27.7,14.7,2.9,1.4,6540,61.9,4032,38.1,5.4,2.6,11.6,107272,62.8,87.4,51.8,12.3,21.1963018025623,11.9564242160222,12.6870191879812,654,1608,1621,33.8,9117,9625,13088,370,10,2759,0,37,1479,999,3276,7296,4976,236,13032,14010,6115,4062,1626,1239,1898,3045,2048,662,186,56,3103,2688,3839,1498,75,1175,3135,2524,2699,779,260,17046,924,18654,482,18088,2657,517,150,26,45,52,27,2370,3135,718,15545,18602,8336,8419,10183,6639,2862,3777,10822,1194,1315,186,692,1100,1196,15513,140,17417,2620,14797,588,18631,728,589,247,302,257,161,16347,3276,158,20,59,60,19,15416,953,398,13743,6058,5073,15140,7461,7679,30.4,19.1,8.1,355,155,300,71,861,38516224.556488,38676.1512856805
54,1.3,Coummunity Reporting Area,West Seattle Junction/Genesee Hill,CRA,1449.32885551525,2.26457633674258,5Y24,24038,6264,26.1,11612,2.4,64.8,12424,42,12.5,2.4,1.2,6245,53.8,5367,46.2,11.1,1.8,9.1,81159,59.9,76.8,43.3,15.1,16.5856078201481,8.01198427521255,8.57224359586985,1543,4000,3238,39.6,12058,11980,17774,1137,0,1332,25,245,1729,1796,5361,6251,4871,455,12188,14511,5373,6147,1323,982,1749,2645,2239,1554,819,132,5218,1124,3018,3064,295,1488,2826,2750,2869,1497,182,19736,2197,23736,417,22495,2813,545,141,12,49,80,0,2570,3966,1109,18818,23670,15799,13509,10161,6957,4118,2707,8790,1370,2885,558,1222,2473,2191,16800,368,20369,4868,15486,661,23737,745,570,526,452,465,835,20144,5361,123,35,35,38,15,16512,950,636,14082,6294,4683,16058,8759,7299,28.3,26.4,15.8,1133,447,447,160,1836,63132764.946167,38760.7659457346
55,2.1,Coummunity Reporting Area,North Delridge,CRA,1612.81851944537,2.52002893663339,5Y24,6421,2697,42,3316,1.4,62.3,3622,44.6,17.8,4.4,4.6,1382,41.7,1934,58.3,9.6,9.2,11.6,84770,60.1,84,43.4,13.1,3.98122908596567,2.05602797836196,2.24575794258957,247,695,647,37.5,3463,2958,3724,383,0,777,17,0,729,791,1364,1952,1436,74,3299,4098,1536,1706,476,325,646,811,701,266,107,31,1614,413,796,799,84,344,576,1134,896,221,145,5663,541,6358,586,6174,1099,272,153,0,0,153,0,634,1602,495,5294,6404,3641,3978,2426,1993,1146,847,2581,368,898,126,225,377,522,5079,17,5752,1218,4471,273,6421,277,138,42,0,317,65,5582,1364,0,0,0,0,0,5017,388,45,4047,1891,1385,4603,2599,2004,45.9,0,14.5,145,123,168,0,482,70254374.707016,64633.6615792341
56,4.4,Coummunity Reporting Area,Mt. Baker/North Rainier,CRA,629.575428718925,0.98371160737332,5Y24,7105,4028,56.7,3164,9.4,64.8,3280,58.9,27.5,11.2,11,1323,41.8,1841,58.2,11.1,6.1,9.5,97817,52.5,71.2,26.6,17.2,11.2853832533735,5.02560909411313,5.20986024927025,294,1304,1378,45,3816,3289,3077,1155,31,1510,0,102,578,652,1836,1328,1043,530,3666,3925,1380,1607,373,559,553,1152,638,99,74,29,1932,579,579,190,0,107,422,862,949,557,267,5801,646,7105,431,6811,1874,766,347,69,16,262,0,665,1144,306,5654,7079,5236,4454,2625,1661,1308,353,2494,557,543,85,279,781,947,4423,26,5902,1815,4087,129,7094,342,438,263,72,72,30,5877,1836,171,0,44,55,72,4375,477,302,3517,1792,1140,4186,2305,1881,41.6,29.2,20.6,399,284,184,76,651,27424305.6749573,29618.2112966095
57,9.3,Coummunity Reporting Area,Greenwood/Phinney Ridge,CRA,1536.7488097926,2.40117001530094,5Y24,27609,7574,27.4,12481,2.2,71.7,13621,54.1,14,3.9,2.5,5300,42.5,7181,57.5,8.1,2.9,10.4,86942,65.3,79.1,48.4,9.1,17.965850908143,8.12169166520092,8.8635175203671,1593,4449,3372,37.6,13910,13699,20035,706,109,2184,31,97,2133,2314,6426,6055,4167,473,15370,17197,6180,7285,1785,1061,1995,4460,3001,1063,449,49,7364,1690,3045,1436,335,1188,2150,3239,3699,1727,478,22913,1862,27362,807,26016,3637,1007,311,152,58,101,0,2072,5439,1097,21441,27311,18454,17209,10102,8153,5086,2929,12005,1935,2426,686,550,2815,2416,19788,298,23691,5410,18249,647,27254,814,461,192,444,320,260,24763,6426,105,43,11,38,13,19391,925,346,16403,7562,5849,18894,10129,8765,18.6,35.3,13.4,1422,325,612,334,1672,66940778.1546631,41036.2349808244
58,10.4,Coummunity Reporting Area,Ballard,CRA,503.545780451535,0.786790281955523,5Y24,11316,3968,35.1,6878,1.6,80.4,7492,11.2,15.4,3.2,3.1,5089,74,1789,26,10.5,1.5,14.4,94511,57.3,86,48.8,11.4,22.4726339477074,13.6591354093612,14.8784882941167,349,877,935,33.3,5510,5806,7348,111,0,1813,0,104,932,1008,1574,5304,3760,149,7264,8316,3360,2784,1198,1207,760,1307,1741,870,168,110,839,588,2128,3937,420,1312,2644,1839,936,102,45,10439,1094,11316,175,10967,1692,349,213,21,45,132,15,1983,1480,494,9040,11288,4183,3056,8232,3940,1353,2587,6673,554,866,80,229,600,846,9504,28,10465,1559,8906,504,11316,653,262,90,83,109,97,10022,1574,24,3,0,21,0,9475,823,295,8261,3803,3242,9225,4646,4579,19.8,0,14.8,340,84,106,0,1016,21934454.196228,23089.6586835744
59,12.1,Coummunity Reporting Area,Magnolia,CRA,1959.38109646776,3.06153296323088,5Y24,13826,3601,26,5798,0.3,80.4,6204,78.8,13.3,1.6,1.4,1278,22,4520,78,8.8,3.7,3.5,106844,73,82.5,51,8.3,7.05630978318845,2.95909765101451,3.16630593771887,954,3286,2563,43.1,6464,7362,10225,271,0,1321,41,196,940,832,3800,1998,1571,34,8270,7066,2388,3504,246,254,909,2209,1197,259,13,91,4889,339,976,0,41,49,459,1684,1796,1260,550,10537,932,13823,514,12872,1708,200,79,19,0,60,0,389,3131,970,10290,13812,11336,11225,2587,4230,3135,1019,5562,296,976,34,415,1994,1720,7977,14,10902,3411,7491,208,13804,283,172,352,49,185,100,12663,3800,65,13,34,18,0,7884,216,92,6484,3543,2589,7827,4163,3664,24.9,26.4,16.3,1006,334,420,151,946,85350640.561554,49184.5424615801
60,12.2,Coummunity Reporting Area,Interbay,CRA,1232.75161630593,1.92617440047801,5Y24,12173,4066,33.4,6522,1.1,68.9,6961,26.2,20.1,3.3,1.8,4349,66.7,2173,33.3,9.2,5.1,10.9,100599,65.3,83.7,54.1,15,9.87465750519777,5.29060348713545,5.64671739864304,471,1408,1131,35.9,6410,5763,8107,259,36,1750,1,16,810,1194,2479,4043,2655,114,7029,8845,3118,4117,967,762,1125,2331,1188,527,382,174,1824,1122,2931,1084,122,628,1929,2257,1007,632,69,10685,982,12093,617,11702,2350,385,117,21,0,96,0,1195,1493,298,10202,11963,6301,4431,7532,4262,2075,2187,6135,885,1307,117,500,998,965,9634,210,10845,1563,9239,295,12093,561,469,348,189,176,70,10280,2479,100,19,26,55,0,9556,800,397,8456,4065,2918,9358,4970,4388,21.6,28.1,13.4,532,147,141,55,873,53698660.4067383,67935.0426276
61,1.1,Coummunity Reporting Area,Arbor Heights,CRA,782.825789191343,1.22316529561147,5Y24,6124,1541,25.2,2707,1.3,70.3,2861,90.2,9.2,3.7,2.3,305,11.3,2402,88.7,9.9,2.3,3.7,84505,68,79.2,42.6,8.7,7.82294104838584,3.45798520868394,3.65470841597516,352,1359,1270,44.2,2764,3360,4583,48,0,339,0,158,539,457,1816,891,716,61,3225,2928,1143,1486,108,0,334,398,607,241,181,24,2580,89,176,16,15,0,54,680,1033,741,199,4764,473,6123,138,5772,532,214,62,10,14,30,8,145,1703,408,4587,6116,5025,5472,644,1841,1438,380,2269,117,403,121,92,893,946,3495,8,4882,1751,3131,129,6077,230,26,73,88,57,54,5549,1816,48,10,9,29,0,3368,165,23,2661,1133,1231,3275,1409,1866,27.4,10.8,17.8,479,181,255,31,482,34099891.3769379,27087.3433164424
62,1.2,Coummunity Reporting Area,Fauntleroy/Seaview,CRA,1396.2624542175,2.18166008471485,5Y24,15416,3267,21.2,7050,2,70,7458,68.2,9.9,2.3,0.9,2201,31.2,4849,68.8,9.8,2.8,6.1,90207,68.3,83,50.8,10.6,11.0409042035292,5.04919399551639,5.34140266929946,894,2709,2710,42.5,7827,7589,12149,208,0,664,97,15,1113,1170,3787,3263,2236,251,8613,9046,3487,4027,552,452,1059,1763,1479,928,296,34,5089,947,1261,142,15,290,807,1675,2620,1325,333,12638,1233,15347,426,14522,1444,333,60,0,14,46,0,1060,3804,762,12298,15316,10827,11788,3528,4816,3145,1659,5880,1011,1413,393,387,1681,1885,9997,100,12918,3412,9486,402,15356,371,468,203,223,320,38,13733,3787,33,12,9,12,0,9826,651,244,8240,3855,3171,9900,5099,4801,22.6,17,15.6,950,277,333,68,1103,60821192.5058289,48208.620629876
63,7.1,Coummunity Reporting Area,Montlake/Portage Bay,CRA,839.527398616062,1.3117615603376,5Y24,10553,2595,24.6,5016,0.9,84.6,5266,47.2,14.1,3,1.1,1942,38.7,3074,61.3,8.9,0.2,11.2,113903,66.5,82.6,50.2,13.1,12.570167474458,5.97479011199484,6.27257670051133,284,1445,1374,39.5,5417,5136,7958,327,7,1055,0,47,685,474,2458,2558,1795,76,6919,6401,2297,2318,719,417,1000,1851,928,118,142,65,2484,698,1751,319,64,413,1167,1135,987,975,339,9081,804,10548,24,10269,1447,305,55,10,12,21,12,621,1928,428,8176,10521,6880,7447,3074,3334,2030,1283,4978,479,769,84,249,808,1013,7734,32,9327,2357,6970,411,10526,413,645,90,135,71,22,9150,2458,123,41,26,45,11,7633,808,491,6196,2580,2304,7281,3782,3499,34,59,14.9,444,229,148,213,745,36569813.483429,51754.9042180636
64,7.4,Coummunity Reporting Area,Wedgwood/View Ridge,CRA,1507.46693127598,2.35541708011872,5Y24,17668,5800,32.8,7083,1.4,80,7292,78.3,20.1,4,2,1901,26.8,5182,73.2,8.6,1.8,8.7,89394,71.3,86.4,38.3,7.8,11.7203234335927,4.69861053204309,4.8372537060085,1039,3790,2741,41.3,9141,8527,11868,300,12,2870,25,34,1127,1432,4832,2251,1606,186,10572,9719,3691,3958,842,445,972,2762,1566,391,297,40,5708,385,742,450,42,401,455,1274,2125,2145,683,13843,1192,17597,321,16629,3347,667,143,0,9,134,0,702,3474,809,13219,17580,14368,13896,3684,5053,4176,862,7639,589,1256,182,315,2253,1829,11137,88,14355,3981,10359,378,17600,215,363,87,212,222,270,16231,4832,37,8,23,6,0,10969,489,193,9219,4580,3278,10943,5770,5173,27.4,36.6,15.2,1215,459,577,333,1075,65665259.5263062,41990.5613047982
65,10.3,Coummunity Reporting Area,Sunset Hill/Loyal Heights,CRA,1041.20916265674,1.62688931665116,5Y24,16256,3973,24.4,7698,1.8,74.9,7993,53.4,12,1.8,1.4,2773,36,4925,64,10.3,1.6,7.7,102189,67.5,82.7,52.8,7.3,15.612617121541,7.3933271777573,7.67665161494078,876,3108,2662,42,8162,8094,12283,154,43,1417,0,23,1326,1010,3801,3897,3166,229,9494,9289,4021,3556,718,985,871,1860,1778,408,273,78,4265,1381,1145,1069,173,410,1396,2004,2204,1412,272,13118,1347,16226,265,15380,1843,278,107,53,0,54,0,1049,3540,822,12671,16237,11544,11841,4396,5199,3143,2056,6884,492,1347,156,552,1850,2039,10486,19,13643,3802,9819,388,16239,301,337,97,52,304,88,15060,3801,103,19,14,70,0,10384,316,128,8839,4359,3528,10199,5425,4774,27.5,7.4,16.5,927,352,661,53,1269,45355071.1248474,42257.766328793
66,11.3,Coummunity Reporting Area,Cascade/Eastlake,CRA,721.635585990083,1.12755560310951,5Y24,29688,17525,59,19681,1.8,80.3,22646,3.5,41.7,8.2,7.9,17354,88.2,2327,11.8,8,3.7,7.6,124718,65.2,78.6,62.1,16.4,41.1398780442182,27.2727681146679,31.3814901033874,217,532,2566,31.6,16476,13212,12163,1205,286,12427,54,149,1378,2026,3703,15978,11547,469,20514,22746,8890,3840,1737,8708,5037,5850,2312,342,175,140,791,701,3202,17918,985,6290,7790,4905,554,93,49,28668,2300,29469,1089,29471,12282,2431,1546,180,200,1114,52,5234,1704,424,25546,28727,8022,4181,24546,12828,2910,9916,18212,872,2909,417,563,389,1657,26590,961,29169,5065,24068,1095,29207,2052,651,399,973,523,197,24412,3703,149,17,80,52,0,26208,2201,698,22494,11831,7642,24769,14146,10623,17.2,0,9.3,173,36,41,0,1834,31434446.1262207,36327.1105203295
67,13.3,Coummunity Reporting Area,Pioneer Square/International District,CRA,180.802888353606,0.282504513052509,5Y24,6710,4418,65.8,4415,23.5,36.7,5080,1,43.7,26.1,23.7,4131,93.6,284,6.4,30.8,10.8,34.5,42518,19.3,30.2,16.2,53.3,37.1122389752807,24.4188576864179,28.0968962733868,128,343,1530,40.9,3992,2718,2292,536,22,2751,84,51,649,325,827,3588,3218,1375,2144,3338,671,680,1153,3070,755,796,538,449,66,63,52,38,1275,3715,272,1607,2093,635,52,0,28,6312,1941,6655,717,6582,2875,1721,1047,20,31,976,20,2112,190,46,5845,6154,2149,400,5754,851,250,583,1451,816,526,258,354,236,1195,4837,556,6382,2539,3798,393,6694,936,1446,612,245,238,93,3124,827,294,0,227,47,20,4784,1366,462,3201,1311,597,3947,2553,1394,11.4,0,34.8,155,20,108,0,1537,7875773.81622314,17697.5216096717
68,4.1,Coummunity Reporting Area,Rainier Beach,CRA,1363.94419769953,2.13116280890551,5Y24,16710,12027,72,6181,13.3,38.5,6517,70.3,36.7,19.4,10.2,1979,32,4202,68,13.8,7.3,10.7,53808,52.7,61.2,33.6,26,12.251234345352,4.5317103224788,4.77805471146972,923,3567,2477,38.9,7719,8991,4683,4136,171,4546,0,231,1184,1759,4237,1944,1533,1599,4620,8765,1692,4463,935,516,757,2762,2222,827,376,129,4580,661,761,485,349,160,701,1539,1895,1396,490,13115,1807,16682,1222,15787,5792,3055,633,99,0,396,138,1169,3047,1082,12004,16571,14082,10982,5589,3259,2595,653,3885,1856,1671,498,1030,2097,1953,10666,139,13521,4152,9341,401,16708,867,1085,751,456,946,240,12363,4237,316,92,9,199,16,10525,872,373,8220,2554,2273,9583,4556,5027,11.5,9.7,23.3,1383,180,640,69,1438,59413409.2515259,55048.0896757143
69,6.5,Coummunity Reporting Area,Madison Park,CRA,637.059995315288,0.995406242680137,5Y24,6006,1049,17.5,2710,1.7,83.8,2917,53.8,18.2,1.8,0.6,1191,43.9,1519,56.1,7.3,1.8,4.1,194445,79.3,86.7,65.8,5.7,9.42768349004173,4.25391645987564,4.57884661013182,154,1267,1236,44.3,2878,3128,4957,36,0,435,0,0,369,209,1741,969,743,74,3755,2611,952,1272,108,35,392,743,356,143,25,0,1568,135,886,309,0,97,521,627,493,783,189,4626,336,5893,106,5852,1065,106,17,17,0,0,0,338,966,277,4480,5893,4676,3898,1995,2148,1510,638,2127,151,320,19,29,803,713,3503,113,5120,2034,3086,440,5893,29,99,19,13,176,0,5557,1741,0,0,0,0,0,3481,99,0,2508,1254,1066,3305,1822,1483,67.5,90.2,12.3,176,366,44,405,334,27750333.3955383,36285.8489218384
70,7.3,Coummunity Reporting Area,Ravenna/Bryant,CRA,1638.00998233651,2.55939059740079,5Y24,27852,8792,31.6,11058,0.7,82.2,12243,57,16.7,3.9,3.5,4980,45,6078,55,8.9,4,13.4,81589,62.7,82.7,37.5,18.5,17.0035593801883,6.75087460958359,7.47431342422969,1127,4577,3367,35.2,13532,14320,19060,508,299,4009,22,191,2388,1375,6017,5041,3333,131,15158,15714,5144,5614,2107,1405,2236,4647,2472,754,359,102,6978,1266,2323,1662,251,1038,1518,2349,2966,2315,872,22231,1977,27842,1119,26725,4460,1038,386,32,114,213,27,2425,4131,1166,18447,26741,18290,16163,10578,6932,4978,1890,11553,1455,2089,543,426,2708,2411,19908,1111,23800,7206,16594,528,26783,1873,931,646,469,680,355,21829,6017,139,29,8,63,39,18533,2445,779,14661,6213,4862,18043,9092,8951,24.7,13.8,14.5,1475,485,897,144,1603,71351714.8307495,45751.1362303122
71,8.1,Coummunity Reporting Area,Northgate/Maple Leaf,CRA,1143.75706777051,1.78712041839142,5Y24,17544,6454,36.8,8121,4.3,66.1,8497,36.5,24.5,6.4,3.9,4870,60,3251,40,16.2,4.1,13.2,69187,52.3,65.9,38,19.3,15.338921607014,7.10028399285001,7.42902513080243,971,2409,3095,36.8,8533,9011,11090,950,36,2697,0,111,1529,1131,3969,4152,2859,603,9186,9886,3323,4041,1304,1320,1034,2722,1685,735,355,32,3101,467,2086,2843,313,956,2106,2544,1260,794,461,15028,2432,17437,713,16573,4065,1060,315,93,25,113,84,2468,2256,606,13896,16904,11087,8138,8766,4245,2614,1579,6921,1386,1290,249,350,1731,1997,12040,640,15398,4576,10822,626,17437,1241,760,345,390,295,334,14072,3969,469,17,119,235,98,11779,1369,461,9572,3831,3336,11291,5887,5404,31.5,28.7,21.6,551,253,353,142,1755,49822057.8722534,31811.2761499977
72,8.3,Coummunity Reporting Area,Cedar Park/Meadowbrook,CRA,1205.32876397128,1.88332619370512,5Y24,14539,4936,34,6894,6.3,63.5,7473,53.2,21.9,7.6,5.9,3749,54.4,3145,45.6,15.1,8.4,10.4,72084,53,72.8,34.2,20.7,12.0622691788234,5.71960132875771,6.19996819405372,755,2129,2991,41,7632,6907,9603,1125,0,1738,9,77,980,1007,3190,3704,2530,734,7374,7979,2733,3724,830,845,1007,2273,1173,557,164,72,3976,377,1105,2015,309,496,1407,1691,1667,1055,578,12344,1860,14470,1211,13784,3018,1048,410,87,67,131,125,1858,1978,646,11604,14374,9112,7336,7038,3655,2321,1266,5100,864,1304,440,484,1245,2190,9419,165,12561,4063,8482,290,14428,691,851,241,700,307,195,11443,3190,183,48,59,38,38,9277,1029,255,7426,3184,2077,9123,4932,4191,13.3,17,22.6,645,99,385,79,1561,52504120.9593506,46764.1092581464
73,10.2,Coummunity Reporting Area,Whittier Heights,CRA,689.265771084296,1.07697776731921,5Y24,14573,3475,23.8,6770,1.4,78.8,6981,50.4,12.8,1.6,1,3258,48.1,3512,51.9,9.8,3.1,9.4,92535,69.3,82,56.6,11.1,21.1427878930865,9.82204584067767,10.1281686874108,756,2489,1146,36.4,7400,7173,11098,140,0,1267,70,104,1039,855,3378,3392,2113,158,8904,9369,3845,3340,877,452,978,1680,1904,559,368,35,3516,1351,1621,434,189,707,1105,1843,2212,773,130,12082,1179,14571,453,13817,1766,226,71,29,0,42,0,1061,2907,580,11300,14546,9698,8673,5873,4689,2769,1920,6765,1009,1239,165,406,1645,879,10938,27,12329,2542,9787,203,14542,455,581,187,155,165,67,12932,3378,132,22,0,48,62,10732,845,301,9248,4248,3474,10270,5323,4947,14.6,22.5,15.9,851,146,440,128,1074,30024416.9882813,23936.7332473405
74,12.3,Coummunity Reporting Area,Queen Anne,CRA,1882.1497239519,2.94085894367484,5Y24,46310,17713,38.2,26001,1.9,76.9,28952,19.4,20.7,3.7,2.2,16554,63.7,9447,36.3,10.6,4.1,11.4,108517,63.3,84.6,52.9,12.1,24.6048438180381,13.814522654131,15.3824106719896,1284,4291,4958,35.1,23336,22974,28597,1122,37,8477,45,350,3712,3970,8321,17680,13724,716,28294,31692,12228,10138,3605,5231,4430,8550,4619,969,750,146,5631,2958,11629,8658,565,3880,10174,6204,3381,1809,553,40358,4288,45841,1887,45026,9317,1673,572,155,105,312,0,5772,7006,1896,36814,44110,21677,20011,24099,16454,7038,9346,23080,2822,4477,491,1145,2505,3462,37061,2200,42312,8709,33540,1525,44625,1951,1061,314,697,763,607,39232,8321,326,21,131,40,134,35375,2426,720,30608,14378,11232,34847,17994,16853,32.4,43.5,14.3,1277,613,393,302,3711,81986441.9754639,53470.2369206604
75,3.5,Coummunity Reporting Area,Beacon Hill,CRA,833.404819189501,1.3021950299836,5Y24,9489,6998,73.7,3147,12,44.2,3364,88.9,43.6,23.8,15.6,783,24.9,2364,75.1,12,9.9,8.2,53155,55,55.8,50,18.9,11.3858232896088,3.77607607676244,4.03645374077815,639,1715,1845,40.3,4968,4521,2491,920,0,4715,2,7,565,789,2319,828,459,844,3119,4915,1235,2701,405,215,482,1631,1041,295,190,41,2990,235,131,0,215,26,207,870,881,826,337,7774,936,9489,937,8850,3855,2108,492,70,0,422,0,242,1480,505,7056,9424,8032,7374,2050,1731,1294,414,2439,1075,710,214,626,1078,1107,5929,65,7853,2675,5178,114,9477,426,716,179,125,248,96,7687,2319,242,101,91,50,0,5762,556,342,4644,1729,1250,5421,2927,2494,5.9,5.9,22.4,624,39,256,16,706,36303113.9238892,26384.8210147311
76,3.6,Coummunity Reporting Area,North Beacon Hill/Jefferson Park,CRA,1226.07313878429,1.91573927935046,5Y24,15960,9411,59,7380,10.1,57.9,7878,38.9,31.8,15.4,10.4,3880,52.6,3500,47.4,15.7,4.9,14,65252,50.7,55.6,45,22.8,13.0171679772914,6.01921677145428,6.42539156172314,542,2104,2770,38.9,8353,7607,6549,2169,61,3740,243,76,1784,1338,3670,3710,2422,1278,7322,9411,3282,3731,1316,1216,1122,2391,1676,606,305,29,3062,1940,1804,1033,304,809,1572,1859,1964,900,276,13725,2154,15829,775,15418,4903,2371,766,164,48,448,106,1975,2308,519,12651,15722,10177,8489,7233,3739,2039,1668,5706,1514,1617,216,757,1251,1897,11086,238,14109,3938,10152,342,15848,768,974,759,633,289,196,12229,3670,355,67,195,40,53,10842,1144,536,8969,3442,2520,10519,5765,4754,21,1.8,22.2,777,207,448,8,1637,53407745.9256897,37206.2046094961
77,5.1,Coummunity Reporting Area,Madrona/Leschi,CRA,824.974181181957,1.28902215809681,5Y24,12072,4622,38.3,5227,4.7,71.3,5472,55.5,16.5,5.8,3.5,1859,35.6,3368,64.4,13.3,3.2,8.4,112327,60.5,63.2,54.7,20.1,14.6331852261173,6.33595586289885,6.63293485398556,405,2175,2045,42.1,5886,6186,7450,1296,0,986,0,0,1224,1116,3069,2158,1355,428,6538,6207,2525,2341,521,347,757,1784,663,253,111,114,3035,1270,699,468,98,176,796,1357,1337,1148,413,9714,1288,11889,380,11667,1928,681,183,124,0,34,25,961,2298,615,9167,11844,8762,8449,3395,3164,1941,1181,4177,848,972,98,89,1537,1430,7852,228,10178,3516,6581,397,11946,971,437,128,325,444,91,9550,3069,353,18,162,152,21,7678,753,268,5714,2245,2395,7023,3310,3713,34.2,30.4,23.5,766,398,346,151,1229,35935875.3326111,40579.1596037095
78,6.3,Coummunity Reporting Area,North Capitol Hill,CRA,283.56881901554,0.443076279711781,5Y24,5052,1514,30,2928,1.5,81.4,3043,21.4,20.6,1.6,0,1605,54.8,1323,45.2,7.8,2.3,8.3,137786,70.4,93.4,58.8,9.8,17.8157810775491,10.325535826418,10.7310811201468,171,362,620,39.5,2650,2402,3538,100,0,786,0,39,288,301,981,1947,1471,70,3691,3710,1552,1125,308,746,536,940,492,190,0,0,650,899,1297,197,0,547,883,683,461,186,168,4690,364,5052,115,4881,1007,78,0,0,0,0,0,459,905,231,4536,5026,2495,2677,2349,2060,916,1144,3001,113,515,86,85,245,447,4070,26,4719,881,3838,38,5052,125,36,30,87,153,64,4557,981,0,0,0,0,0,4033,118,18,3668,1811,1164,3871,2128,1743,73.3,49.5,10.5,28,77,47,46,307,12352257.7561951,17921.5013322026
79,2.4,Coummunity Reporting Area,Roxhill/Westwood,CRA,978.220839318469,1.52847006143511,5Y24,13991,7114,50.8,5912,7,47.7,6155,56.8,29.6,11.1,3.9,2292,38.8,3620,61.2,13.5,7,12.3,58381,52.5,57.3,42.2,19.5,14.3024963665133,6.04362508175446,6.29203524665066,660,2417,1545,37.7,6965,7026,6877,1096,45,1696,14,70,1121,3072,3199,2713,1915,735,5031,8422,2461,3939,1033,491,904,2169,1639,773,326,150,3497,1129,1195,324,96,132,706,2417,1876,651,130,11551,1564,13968,984,13331,3941,1479,229,123,0,77,29,1165,2939,907,10539,13654,9992,8579,5075,3103,1833,1145,4344,1525,1686,380,779,1516,1160,10029,337,11889,2620,9246,532,13856,674,492,614,206,402,320,11148,3199,123,22,13,55,33,9686,775,245,8180,2873,2442,9450,4820,4630,8.2,8.3,20.1,1015,91,675,61,1189,42611299.7606812,33460.2702159495
80,2.5,Coummunity Reporting Area,Highland Park,CRA,961.394822098916,1.50217940952956,5Y24,7553,3963,52.5,3291,6.2,46.2,3560,62,26.2,13.2,5.3,1297,39.4,1994,60.6,16.7,4.9,6.4,60005,51.3,61.5,36.4,24.4,7.85629361255587,3.42315136752567,3.70295316572208,417,1112,1386,40,3698,3855,3590,623,1,1258,20,29,657,1375,1898,1393,1144,362,2721,3980,997,2276,254,464,508,695,1196,342,181,61,2208,290,411,637,117,101,544,864,1216,384,182,6423,1070,7535,367,7136,1872,941,176,24,0,142,10,854,1456,308,5886,7534,5837,5151,2383,1687,1168,507,2370,556,493,187,489,680,1194,5055,19,6513,2258,4240,145,7550,447,62,259,269,639,169,5705,1898,100,0,23,27,50,4916,270,139,3799,1577,1341,4469,2414,2055,13.5,0,27.3,217,34,292,0,900,41878358.4508972,30552.2976972428
81,3.3,Coummunity Reporting Area,Duwamish/SODO,CRA,2345.53684205214,3.66490131570646,5Y24,3191,1670,52.3,1600,4.3,56.8,1891,20.4,27.4,15.8,15.2,1041,65.1,559,34.9,10.9,5.5,16,75553,56.2,79.3,43.1,18.3,1.36045614069663,0.68214660768242,0.80621202195466,42,259,477,41,1800,1391,1521,195,39,574,31,11,480,340,579,1021,885,116,1522,2225,735,657,357,462,356,652,355,26,101,0,386,66,411,1028,37,455,409,414,155,124,43,2738,298,2997,165,3149,862,498,243,68,40,135,0,432,398,107,2680,2771,1595,1332,1439,899,459,440,1304,364,208,43,157,189,326,2455,420,2966,607,2165,89,2989,186,143,23,117,67,10,2443,579,6,0,0,6,0,2232,248,104,1863,926,727,2421,1406,1015,0,0,14.9,139,0,78,0,238,102171584.839813,53946.3734519274
82,4.2,Coummunity Reporting Area,Columbia City,CRA,1297.74608518,2.02772825809375,5Y24,22073,11546,52.3,9225,8,59.8,10066,46.4,30.3,14.9,11.9,5078,55,4147,45,12.6,4.4,13.4,68918,53.5,66.7,35.3,20.5,17.0087201587962,7.10847838829771,7.75652503594632,1480,4097,2487,37.9,11205,10868,10527,3570,96,3865,37,229,1699,2050,5104,4121,3059,1336,10013,12437,4413,4626,1664,1406,1206,3065,2464,702,326,261,4675,1749,1665,1977,595,759,1980,2566,2513,1062,345,17708,2228,21805,950,20593,6246,3062,1095,149,46,514,386,2637,3295,690,16735,21652,15904,10670,10982,4936,3402,1456,7261,2212,2108,500,722,2598,1772,15489,421,18160,4914,13237,434,21744,1596,916,537,507,534,377,17277,5104,363,116,69,113,65,14993,1264,421,12140,4943,3736,13719,7336,6383,20.7,0.2,20.4,1440,375,576,1,1880,56529819.4698486,45554.8328727845
83,5.2,Coummunity Reporting Area,Judkins Park,CRA,211.48239662078,0.330441244719968,5Y24,4393,2606,59.3,2457,6.1,60,2525,18.2,33,9.2,9.2,1798,73.2,659,26.8,18.2,3.5,20,74083,38.4,49,35.1,34.6,20.7724144902581,11.6179882546242,11.939528019099,239,474,781,35.4,2284,2109,1787,563,8,1006,15,0,540,474,573,1884,1319,223,2197,2586,846,977,516,849,338,699,460,163,62,18,460,354,596,1115,174,702,611,675,371,95,3,3889,708,4363,154,4154,1372,384,225,23,0,181,21,856,356,81,3659,4270,1654,1298,2972,943,281,662,1829,361,364,37,19,262,695,3138,123,3976,1122,2824,214,4393,401,385,162,276,192,103,2874,573,98,0,42,56,0,3134,375,141,2512,1137,789,2865,1554,1311,24.7,0,26.5,134,44,61,0,650,9212173.19689941,14319.1029916181
84,6.1,Coummunity Reporting Area,First Hill,CRA,438.861071363533,0.68572042400552,5Y24,20267,11306,55.8,10936,4.3,65.7,12682,1.5,33.2,9.6,7.9,9592,87.7,1344,12.3,15,4.4,13.6,78713,47.1,63.8,41.4,29.5,46.1809017077565,24.9190477661235,28.8975277770646,227,999,2256,31.6,11474,8793,8961,1912,34,5584,60,64,1608,2044,2693,8243,6322,643,9901,11851,3857,2727,1610,4447,2111,3303,1675,474,307,124,192,635,2901,8954,929,3248,4643,2534,349,127,35,16544,2482,18992,835,20040,6663,1924,868,105,37,504,222,4361,789,82,15065,17115,6539,2583,14532,5150,1719,3410,8445,1633,1409,218,436,482,1582,17012,3152,19335,6075,13260,1119,17480,2204,1184,496,385,583,309,12319,2693,388,71,179,138,0,14113,2121,634,11330,5285,3150,14278,8304,5974,8.5,0.9,19.9,582,54,223,2,2175,19116788.2685852,22011.3474341446
85,9.1,Coummunity Reporting Area,Broadview/Bitter Lake,CRA,1476.80900424116,2.30751406912681,5Y24,15699,6353,40.5,7829,4.9,53.1,8353,36.3,22.2,7.8,5.9,4266,54.5,3563,45.5,18.1,5.1,9.3,67586,41.6,63.7,21.8,21.2,10.6303523034563,5.30129487125035,5.65611394297537,775,2701,3860,45.8,7168,8531,9346,1165,8,1719,82,122,1333,1924,3571,4258,3767,606,6586,7845,1983,4188,729,1272,908,1965,2114,322,466,87,3035,615,1970,2725,262,742,2176,2085,1764,772,290,12719,2305,15420,779,14924,3320,1160,459,107,36,223,93,2497,2547,999,12404,15325,10410,8037,7288,3259,2275,929,4092,1217,1726,290,769,1505,2908,9138,374,13207,4773,8434,340,15393,688,1102,280,238,795,156,12134,3571,264,8,49,174,33,8939,698,242,7313,2773,2664,8913,4225,4688,15.7,9.8,27.3,1017,189,442,48,2135,64329800.2243958,39160.7183463069
86,10.1,Coummunity Reporting Area,North Beach/Blue Ridge,CRA,1284.41754886847,2.00690242010698,5Y24,12910,2977,23.1,5337,1.7,72.9,5657,68.2,10.3,1.1,0.7,1224,22.9,4113,77.1,10.6,2.9,5.3,94889,70.5,85.2,45.3,10.1,10.051248530023,4.15519081368962,4.40433097864759,712,2554,2086,42.6,6496,6414,9933,40,0,1054,0,33,1219,631,3295,2042,1232,161,7092,7329,2824,3208,390,227,745,1713,1237,569,220,21,3858,913,824,62,16,109,533,1194,2165,965,371,10301,1091,12855,376,12198,1261,129,36,14,9,13,0,493,2991,599,9733,12848,9701,10668,2180,3763,2807,926,5612,553,659,253,405,1466,1415,8270,62,10553,2669,7830,348,12898,258,521,105,134,126,165,11589,3295,101,23,13,12,53,8151,602,223,6922,3417,2532,8050,4453,3597,38.2,28.7,19.5,790,488,291,117,1041,55949228.4286804,39618.168546797
87,2.2,Coummunity Reporting Area,High Point,CRA,553.792757476462,0.865301183556971,5Y24,9337,5445,58.3,3728,5.6,50.5,3855,30.2,27.7,8.3,5.7,1812,48.6,1916,51.4,13.5,1.8,9,55873,53.3,59.5,43.6,33.3,16.8600977061295,6.73176012085795,6.96108778591936,773,2448,704,33.8,4513,4824,3892,2592,96,1237,14,108,597,801,2218,1510,1174,359,3211,4485,1721,1896,403,438,277,1006,924,354,203,0,1165,1556,617,517,88,56,587,1018,1576,287,204,6856,928,9304,169,8564,2376,713,213,11,0,86,116,820,1615,282,6362,9260,7285,4382,4878,1988,1319,659,2657,737,415,136,592,1019,553,6185,77,7100,2184,4916,379,9291,841,477,1039,396,259,80,6199,2218,162,35,20,86,21,6049,641,55,4357,1872,1399,5045,2753,2292,7.2,22.1,22.1,1069,83,236,67,824,24123212.5157166,22688.5350949208
88,2.3,Coummunity Reporting Area,Riverview,CRA,1012.10847613636,1.58141949396306,5Y24,5105,2791,54.7,1919,5,53.5,1945,82.2,24.6,7.5,0,475,24.8,1444,75.2,8.7,2,8,73289,68.4,64.1,67.9,12.4,5.04392574547731,1.89604182283467,1.92173076884493,387,1069,486,37.7,2849,2256,2314,487,51,1036,0,0,631,586,1239,680,296,189,2013,3116,645,1993,250,71,570,759,744,237,138,23,1598,264,57,0,13,0,97,580,859,156,227,4029,351,5098,100,4718,1160,352,0,0,0,0,0,177,1149,303,3760,5088,3832,3853,1235,1312,794,462,1877,521,473,45,218,593,348,3550,17,4116,944,3172,38,5098,308,43,50,17,187,28,4465,1239,32,0,0,32,0,3491,181,91,2988,1590,819,3264,1982,1282,14.8,12.2,18.6,420,73,129,18,356,44087445.2204437,39019.3474976913
89,3.1,Coummunity Reporting Area,South Park,CRA,618.119193747939,0.965811240231155,5Y24,4141,2657,64.2,1549,17.2,42.7,1642,59.3,38.9,21.7,8,708,45.7,841,54.3,14.4,8.4,5.8,59472,52.6,48.1,45.2,29,6.69935514361109,2.50598916142323,2.65644557976562,286,1138,263,33.3,2109,2032,1484,546,28,801,7,29,311,935,963,586,464,467,1162,2354,340,1661,137,119,303,848,718,52,93,0,973,424,185,29,95,89,377,287,622,145,29,2864,412,4002,338,3855,1501,838,124,56,0,36,32,372,677,137,2720,4098,3351,2277,1821,814,463,265,1012,495,289,293,219,579,181,2740,43,3247,697,2452,144,4100,155,287,271,405,70,0,2912,963,69,32,6,17,14,2659,285,135,2150,989,491,2588,1395,1193,9.5,14.3,26.3,324,34,355,59,407,26925272.0797272,32476.9823305925
90,3.4,Coummunity Reporting Area,South Beacon Hill/NewHolly,CRA,1560.23842494437,2.43787253897558,5Y24,16066,13501,84,5013,25.1,28.4,5276,63.2,58.8,35.3,22.4,2147,42.8,2866,57.2,16.1,5.4,19.4,38809,41,45.7,21.2,34.1,10.2971441692143,3.21297047928988,3.38153446015029,693,3565,2561,36.4,8251,7815,2565,3898,38,7509,14,122,740,1180,3531,1482,1198,2764,3120,7587,1372,3502,1470,801,530,2076,1798,1061,565,185,3336,1023,352,558,531,275,453,1046,1654,1015,570,12476,2013,16041,874,15373,9039,5432,1125,23,0,890,212,1081,1617,525,10996,15943,13945,9387,6556,2056,1615,314,2806,2241,1295,431,1113,1817,1793,9940,123,13061,4733,8303,417,16048,1125,2104,632,539,945,120,10583,3531,504,190,129,167,18,9480,1277,351,7151,2138,1433,8900,4506,4394,11,4.3,30.9,1557,192,820,37,1551,67963985.7905884,44404.5664360498
91,4.3,Coummunity Reporting Area,Seward Park,CRA,1012.37616842705,1.58183776316726,5Y24,11135,5447,48.9,4073,2.5,64.3,4136,77.4,25.4,9,4.1,1172,28.8,2901,71.2,10.7,6.1,11.3,73170,69.6,81.8,43,9.4,10.9988760574053,4.02320809895034,4.08543793205465,753,2291,2107,42,5860,5275,5688,1385,12,1907,0,47,950,1146,2632,1441,978,207,5253,6040,1958,2637,684,288,552,1449,1447,376,183,75,3203,403,407,117,181,118,497,644,1617,776,421,8625,919,10916,671,10382,2634,936,167,72,0,95,0,555,2263,694,8166,10893,8660,7791,3102,2836,2154,620,3519,939,901,264,474,1438,1228,6737,242,9023,2632,6391,294,10809,219,174,168,48,122,288,9790,2632,47,0,47,0,0,6546,285,155,5442,2208,1765,6823,3668,3155,34.5,5.9,19.1,501,264,481,30,778,44099105.8968964,41521.3825730995
92,6.2,Coummunity Reporting Area,Capitol Hill,CRA,433.172611346001,0.676832205228126,5Y24,27922,11571,41.4,20401,1.7,71.2,21801,3.5,19.9,3.2,3.3,17667,86.6,2734,13.4,14.2,5.9,22.8,92627,47.2,75,42.7,20.7,64.4592923667028,47.0966987885217,50.3286667461675,149,662,1459,32.3,16418,11504,16351,1051,278,4359,233,232,2627,2791,2740,17661,13791,387,16654,22308,6871,4599,5076,8340,3218,6612,4322,641,523,121,763,485,11519,9011,525,5546,9602,4171,585,90,407,27244,3880,27917,1638,27773,5528,878,682,105,126,385,66,7694,2148,645,23403,27829,6058,4282,23547,9630,2056,7534,15658,2656,3038,230,929,507,1300,25801,93,27313,3472,23841,1330,27896,2106,948,562,765,631,772,22112,2740,153,29,70,0,54,25598,2751,1216,22111,9903,6290,24234,14635,9599,7.8,4.4,17.1,270,23,43,2,3492,18868998.9503784,18947.2700325132
93,7.5,Coummunity Reporting Area,Laurelhurst/Sand Point,CRA,1400.95876060602,2.1889980634469,5Y24,11368,2792,24.6,4464,1.6,85.4,4770,68.2,13.6,3.4,1.7,1086,24.3,3378,75.7,11.6,1.7,6.9,117888,70.1,86,32.4,10,8.11444299408393,3.18638929676202,3.40481114371748,743,2853,2340,42.1,5581,5787,8576,145,1,1335,11,126,683,491,3131,1333,1089,123,6545,5202,1931,2164,361,280,648,1691,649,105,130,48,3252,255,896,331,56,156,555,795,1088,1394,476,8426,975,11303,190,10625,1443,359,78,0,0,78,0,510,2208,541,7667,11233,9593,8876,2357,3131,2692,432,4224,233,638,60,74,1651,1461,6175,135,8785,3258,5522,293,11223,395,444,65,87,46,80,10106,3131,124,33,9,71,11,5891,421,108,4534,2278,1917,5839,2922,2917,48.7,23.3,18.2,714,677,498,151,811,61025763.6122742,54081.3621615541
94,9.2,Coummunity Reporting Area,Licton Springs,CRA,525.549110685954,0.821170485446803,5Y24,10548,4711,44.7,5126,2.3,61.8,5495,31.5,28.1,6.8,4.7,3196,62.3,1930,37.7,9.1,2.9,14.7,80770,57.9,69.2,50.7,19.2,20.0704363979089,9.75360798025036,10.4557307552625,495,967,844,34.1,5593,4955,5837,758,0,1953,105,70,738,1087,1704,3422,2118,206,5451,7473,1842,3623,1096,883,849,2245,2023,243,271,0,1729,1354,2215,197,71,518,1051,1786,1234,448,89,9581,869,10548,310,10053,2823,684,241,26,0,86,129,1376,1538,380,8825,10371,4880,4458,5913,2969,1179,1735,4877,878,894,374,530,615,669,8737,177,9599,1812,7787,234,10548,741,441,128,195,372,147,8524,1704,136,0,13,27,96,8537,829,285,7326,2964,2531,7964,4414,3550,25.1,45,13.9,182,61,83,68,712,22892919.2616272,20382.2703686481
95,13.1,Coummunity Reporting Area,Belltown,CRA,173.379250527641,0.270905078949438,5Y24,11500,5997,52.1,8029,2.1,74.5,9495,1.8,38.6,7.1,6.8,5964,74.3,2065,25.7,10.9,5,6.7,122153,62.6,84.8,55.3,18.5,66.3285829475115,46.3088863030931,54.7643387031845,42,243,1111,37.2,6169,5331,5503,746,2,3242,0,291,1050,666,1973,6056,5265,228,8051,8792,4131,1679,593,3250,1672,1847,727,218,147,50,175,75,1452,7793,200,2966,2648,2107,103,100,105,11257,1227,11500,579,11458,4424,813,545,61,103,308,73,1951,1563,329,10800,11202,4218,3291,7911,5024,1673,3351,7031,583,862,61,352,195,921,10146,298,11275,2077,9198,309,11490,618,562,261,199,191,293,9366,1973,29,0,29,0,0,10127,1032,312,8636,4298,2698,9255,5270,3985,0,0,13,101,0,112,0,1042,7552400.15316772,17353.7246901512
